file_name,page_number,prompt_tokens,output_tokens,total_tokens
ABBA_2023.pdf,1,1129,1004,2133
AALI_2023.pdf,1,1129,1063,2192
AALI_2023.pdf,2,1129,851,1980
AALI_2022.pdf,1,1129,962,2091
AALI_2022.pdf,2,1129,783,1912
ABBA_2024.pdf,1,1129,1004,2133
ACES_2022.pdf,1,1129,862,1991
ACES_2023.pdf,1,1129,903,2032
AADI_2024.pdf,1,1129,990,2119
AADI_2024.pdf,2,1129,782,1911
AADI_2024.pdf,3,1129,832,1961
AADI_2024.pdf,4,1129,724,1853
ACES_2024.pdf,1,1129,926,2055
ABMM_2023.pdf,1,1129,644,1773
ABMM_2023.pdf,2,1129,861,1990
ACRO_2023.pdf,1,1129,952,2081
ACRO_2023.pdf,2,1129,854,1983
ACRO_2023.pdf,3,1129,877,2006
ACRO_2024.pdf,1,1129,1126,2255
ACRO_2024.pdf,2,1129,1071,2200
ADCP_2023.pdf,1,1129,963,2092
ADHI_2022.pdf,1,1129,934,2063
ACST_2023.pdf,1,1129,968,2097
ACST_2023.pdf,2,1129,748,1877
ACST_2023.pdf,3,1129,758,1887
ACST_2023.pdf,4,1129,749,1878
ACST_2022.pdf,1,1129,951,2080
ACST_2022.pdf,2,1129,716,1845
ACST_2022.pdf,3,1129,785,1914
ACST_2022.pdf,4,1129,692,1821
ADHI_2023.pdf,1,1129,902,2031
ADMF_2024.pdf,1,1129,1047,2176
ADMG_2023.pdf,1,1129,913,2042
ADHI_2024.pdf,1,1129,862,1991
ADHI_2024.pdf,2,1129,955,2084
ADMG_2024.pdf,1,1129,1242,2371
ADMG_2024.pdf,2,1129,915,2044
ADMR_2024.pdf,1,1129,1058,2187
ADMR_2024.pdf,2,1129,984,2113
ADMR_2022.pdf,1,1129,1058,2187
ADMR_2022.pdf,2,1129,995,2124
AGII_2022.pdf,1,1129,998,2127
AGAR_2024.pdf,1,1129,1182,2311
AGAR_2024.pdf,2,1129,901,2030
ADRO_2022.pdf,1,1129,1027,2156
ADRO_2022.pdf,2,1129,740,1869
ADRO_2022.pdf,3,1129,833,1962
ADRO_2022.pdf,4,1129,779,1908
AGRS_2022.pdf,1,1129,872,2001
AGRS_2022.pdf,2,1129,902,2031
ADRO_2024.pdf,1,1129,1117,2246
ADRO_2024.pdf,2,1129,920,2049
ADRO_2024.pdf,3,1129,832,1961
ADRO_2024.pdf,4,1129,986,2115
AGRS_2023.pdf,1,1129,896,2025
AGRS_2023.pdf,2,1129,1046,2175
AGRS_2024.pdf,1,1129,868,1997
AGRS_2024.pdf,2,1129,913,2042
AHAP_2022.pdf,1,1129,1229,2358
AHAP_2022.pdf,2,1129,1720,2849
AHAP_2022.pdf,3,1129,1522,2651
AHAP_2023.pdf,1,1129,1218,2347
AHAP_2023.pdf,2,1129,871,2000
AHAP_2023.pdf,3,1129,856,1985
AKKU_2023.pdf,1,1129,1183,2312
AIMS_2023.pdf,1,1129,945,2074
AIMS_2023.pdf,2,1129,1076,2205
AHAP_2024.pdf,1,1129,1223,2352
AHAP_2024.pdf,2,1129,979,2108
AKKU_2024.pdf,1,1129,1182,2311
AKKU_2022.pdf,1,1129,689,1818
AKKU_2022.pdf,2,1129,720,1849
AKPI_2022.pdf,1,1129,888,2017
AKPI_2022.pdf,2,1129,938,2067
AKSI_2022.pdf,1,1129,1028,2157
AKSI_2022.pdf,2,1129,857,1986
AKPI_2023.pdf,1,1129,578,1707
AKPI_2023.pdf,2,1129,669,1798
AKPI_2023.pdf,3,1129,832,1961
ALDO_2022.pdf,1,1129,1065,2194
ALII_2023.pdf,1,1129,828,1957
ALDO_2023.pdf,1,1129,1031,2160
ALDO_2023.pdf,2,1129,1003,2132
AKSI_2023.pdf,1,1129,701,1830
AKSI_2023.pdf,2,1129,808,1937
ALII_2024.pdf,1,1129,849,1978
ALMI_2022.pdf,1,1129,729,1858
ALKA_2022.pdf,1,1129,1258,2387
ALKA_2022.pdf,2,1129,1142,2271
ALKA_2023.pdf,1,1129,1302,2431
ALKA_2023.pdf,2,1129,1161,2290
ALMI_2023.pdf,1,1129,831,1960
ALMI_2023.pdf,2,1129,634,1763
ALKA_2024.pdf,1,1129,1261,2390
ALKA_2024.pdf,2,1129,1293,2422
AMAG_2022.pdf,1,1129,992,2121
ALTO_2022.pdf,1,1129,893,2022
ALTO_2022.pdf,2,1129,848,1977
ALMI_2024.pdf,1,1129,647,1776
ALMI_2024.pdf,2,1129,627,1756
ALMI_2024.pdf,3,1129,586,1715
AMAG_2023.pdf,1,1129,998,2127
ALTO_2023.pdf,1,1129,917,2046
ALTO_2023.pdf,2,1129,1031,2160
ALTO_2023.pdf,3,1129,865,1994
AMAG_2024.pdf,1,1129,951,2080
AMAN_2022.pdf,1,1129,961,2090
AMAN_2023.pdf,1,1129,938,2067
AMAN_2024.pdf,1,1129,968,2097
AMFG_2022.pdf,1,1129,952,2081
AMFG_2022.pdf,2,1129,833,1962
AMFG_2024.pdf,1,1129,932,2061
AMFG_2024.pdf,2,1129,961,2090
AMMN_2023.pdf,1,1129,994,2123
AMMN_2023.pdf,2,1129,997,2126
AMMS_2022.pdf,1,1129,1189,2318
AMMS_2022.pdf,2,1129,952,2081
AMMS_2023.pdf,1,1129,1267,2396
AMMS_2023.pdf,2,1129,917,2046
AMMS_2024.pdf,1,1129,1184,2313
AMMS_2024.pdf,2,1129,942,2071
ANDI_2023.pdf,1,1129,966,2095
ANDI_2023.pdf,2,1129,981,2110
ANDI_2022.pdf,1,1129,1066,2195
ANDI_2022.pdf,2,1129,934,2063
AMOR_2023.pdf,1,1129,952,2081
AMOR_2023.pdf,2,1129,914,2043
APEX_2023.pdf,1,1129,837,1966
ANTM_2022.pdf,1,1129,943,2072
ANTM_2022.pdf,2,1129,828,1957
ANTM_2022.pdf,3,1129,868,1997
ANTM_2022.pdf,4,1129,706,1835
ANTM_2024.pdf,1,1129,983,2112
ANTM_2024.pdf,2,1129,773,1902
APII_2022.pdf,1,1129,913,2042
APIC_2023.pdf,1,1129,786,1915
APIC_2023.pdf,2,1129,884,2013
APIC_2024.pdf,1,1129,774,1903
APIC_2024.pdf,2,1129,913,2042
APII_2023.pdf,1,1129,973,2102
APIC_2022.pdf,1,1129,917,2046
APIC_2022.pdf,2,1129,743,1872
APIC_2022.pdf,3,1129,834,1963
APLI_2022.pdf,1,1129,564,1693
APLI_2022.pdf,2,1129,666,1795
APLI_2022.pdf,3,1129,570,1699
APII_2024.pdf,1,1129,1007,2136
APII_2024.pdf,2,1129,1067,2196
APLI_2023.pdf,1,1129,651,1780
APLI_2023.pdf,2,1129,785,1914
APLI_2023.pdf,3,1129,723,1852
APLI_2024.pdf,1,1129,1102,2231
APLI_2024.pdf,2,1129,949,2078
ARGO_2022.pdf,1,1129,877,2006
AREA_2023.pdf,1,1129,993,2122
AREA_2023.pdf,2,1129,894,2023
ARGO_2023.pdf,1,1129,998,2127
ARII_2022.pdf,1,1129,1056,2185
ARGO_2024.pdf,1,1129,982,2111
AREA_2024.pdf,1,1129,1020,2149
AREA_2024.pdf,2,1129,835,1964
AREA_2024.pdf,3,1129,837,1966
ARKA_2023.pdf,1,1129,944,2073
ARII_2023.pdf,1,1129,1102,2231
ARII_2023.pdf,2,1129,899,2028
ARKO_2024.pdf,2,1129,820,1949
ARII_2024.pdf,1,1129,1101,2230
ARII_2024.pdf,2,1129,895,2024
ARKO_2023.pdf,1,1129,786,1915
ARKO_2023.pdf,2,1129,636,1765
ARNA_2022.pdf,1,1129,782,1911
ARNA_2022.pdf,2,1129,1016,2145
ARNA_2023.pdf,1,1129,798,1927
ARNA_2023.pdf,2,1129,741,1870
ARNA_2024.pdf,1,1129,807,1936
ARNA_2024.pdf,2,1129,827,1956
ARTO_2022.pdf,1,1129,2177,3306
ARTO_2022.pdf,2,1129,1468,2597
ARTO_2022.pdf,3,1129,1655,2784
ASBI_2023.pdf,1,1129,1007,2136
ASBI_2024.pdf,1,1129,1046,2175
ASDM_2022.pdf,1,1129,533,1662
ASDM_2022.pdf,2,1129,666,1795
ARTO_2024.pdf,1,1129,989,2118
ARTO_2024.pdf,2,1129,882,2011
ARTO_2024.pdf,3,1129,745,1874
ARTO_2023.pdf,1,1129,879,2008
ARTO_2023.pdf,2,1129,985,2114
ARTO_2023.pdf,3,1129,810,1939
ARTO_2023.pdf,4,1129,704,1833
ASGR_2022.pdf,1,1129,1062,2191
ASGR_2022.pdf,2,1129,841,1970
ASGR_2022.pdf,3,1129,743,1872
ASGR_2024.pdf,1,1129,1045,2174
ASGR_2024.pdf,2,1129,867,1996
ASGR_2023.pdf,1,1129,967,2096
ASGR_2023.pdf,2,1129,762,1891
ASGR_2023.pdf,3,1129,742,1871
ASGR_2023.pdf,4,1129,749,1878
ASII_2023.pdf,1,1129,959,2088
ASII_2023.pdf,2,1129,810,1939
ASII_2023.pdf,3,1129,863,1992
ASII_2023.pdf,4,1129,931,2060
ASII_2022.pdf,1,1129,1058,2187
ASII_2022.pdf,2,1129,754,1883
ASII_2022.pdf,3,1129,767,1896
ASII_2022.pdf,4,1129,865,1994
ASII_2022.pdf,5,1129,714,1843
ASJT_2022.pdf,1,1129,990,2119
ASJT_2022.pdf,2,1129,1008,2137
ASLI_2023.pdf,1,1129,706,1835
ASII_2024.pdf,1,1129,1056,2185
ASII_2024.pdf,2,1129,807,1936
ASII_2024.pdf,3,1129,876,2005
ASII_2024.pdf,4,1129,819,1948
ASLC_2022.pdf,1,1129,560,1689
ASLC_2022.pdf,2,1129,804,1933
ASMI_2022.pdf,1,1129,1319,2448
ASMI_2022.pdf,2,1129,760,1889
ASPI_2023.pdf,1,1129,754,1883
ASPI_2022.pdf,1,1129,815,1944
ASMI_2023.pdf,1,1129,1216,2345
ASMI_2023.pdf,2,1129,847,1976
ASRI_2022.pdf,1,1129,846,1975
ASRI_2024.pdf,1,1129,574,1703
ASRI_2024.pdf,2,1129,526,1655
ASRI_2023.pdf,1,1129,1154,2283
ASRI_2023.pdf,2,1129,808,1937
ASRM_2023.pdf,1,1129,992,2121
ASRM_2023.pdf,2,1129,1012,2141
ASSA_2022.pdf,1,1129,624,1753
ASSA_2022.pdf,2,1129,909,2038
ATLA_2023.pdf,1,1129,946,2075
ATLA_2023.pdf,2,1129,860,1989
ATLA_2024.pdf,1,1129,941,2070
ATLA_2024.pdf,2,1129,790,1919
ATIC_2024.pdf,1,1117,36,1153
ATIC_2024.pdf,2,1117,0,1117
ATIC_2024.pdf,8,1117,13,1130
ATIC_2024.pdf,12,1117,12,1129
ATIC_2024.pdf,20,1117,8,1125
ATIC_2024.pdf,34,1117,10,1127
ATIC_2024.pdf,46,1117,12,1129
AUTO_2022.pdf,1,1129,1076,2205
AUTO_2022.pdf,2,1129,793,1922
AUTO_2022.pdf,3,1129,771,1900
AUTO_2022.pdf,4,1129,747,1876
AVIA_2022.pdf,1,1129,1089,2218
AVIA_2022.pdf,2,1129,1092,2221
AWAN_2024.pdf,1,1129,747,1876
AWAN_2024.pdf,2,1129,581,1710
AUTO_2023.pdf,1,1129,1058,2187
AUTO_2023.pdf,2,1129,809,1938
AUTO_2023.pdf,3,1129,682,1811
AUTO_2023.pdf,4,1129,961,2090
AUTO_2023.pdf,5,1129,691,1820
AVIA_2023.pdf,1,1129,1061,2190
AVIA_2023.pdf,2,1129,844,1973
AVIA_2023.pdf,3,1129,699,1828
AVIA_2023.pdf,4,1129,760,1889
AYAM_2024.pdf,1,1129,980,2109
AXIO_2023.pdf,1,1129,1001,2130
AYAM_2023.pdf,1,1129,1001,2130
AYLS_2023.pdf,1,1129,821,1950
AXIO_2024.pdf,1,1129,747,1876
AXIO_2024.pdf,2,1129,715,1844
AYLS_2022.pdf,1,1129,808,1937
BABP_2024.pdf,1,1129,1196,2325
BABP_2024.pdf,2,1129,868,1997
BABP_2022.pdf,1,1129,1278,2407
BABP_2022.pdf,2,1129,963,2092
AYLS_2024.pdf,1,1139,945,2084
AYLS_2024.pdf,2,1139,641,1780
BABY_2023.pdf,1,1129,776,1905
BABY_2023.pdf,2,1129,929,2058
BABY_2023.pdf,3,1129,750,1879
BACA_2022.pdf,1,1129,930,2059
BACA_2022.pdf,2,1129,793,1922
BABY_2024.pdf,1,1129,922,2051
BABY_2024.pdf,2,1129,1072,2201
BACA_2023.pdf,1,1129,925,2054
BACA_2023.pdf,2,1129,968,2097
BACA_2024.pdf,1,1129,977,2106
BACA_2024.pdf,2,1129,981,2110
BALI_2023.pdf,1,1129,1034,2163
BAJA_2023.pdf,1,1129,829,1958
BAJA_2023.pdf,2,1129,928,2057
BAIK_2023.pdf,1,1129,990,2119
BAIK_2023.pdf,2,1129,890,2019
BAJA_2022.pdf,1,1129,1019,2148
BAJA_2022.pdf,2,1129,1057,2186
BAPI_2023.pdf,1,1129,755,1884
BAUT_2022.pdf,1,1129,875,2004
BATA_2022.pdf,1,1129,585,1714
BATA_2022.pdf,2,1129,620,1749
BAYU_2022.pdf,1,1129,718,1847
BAUT_2023.pdf,1,1129,854,1983
BAPI_2024.pdf,1,1129,875,2004
BAPI_2024.pdf,2,1129,1246,2375
BAYU_2024.pdf,1,1129,783,1912
BAYU_2023.pdf,1,1129,891,2020
BBCA_2024.pdf,1,1129,720,1849
BBCA_2024.pdf,2,1129,607,1736
BBHI_2023.pdf,1,1129,946,2075
BBHI_2022.pdf,1,1129,814,1943
BBHI_2022.pdf,2,1129,866,1995
BBHI_2024.pdf,1,1129,871,2000
BBHI_2024.pdf,2,1129,831,1960
BBLD_2022.pdf,1,1129,928,2057
BBLD_2022.pdf,2,1129,934,2063
BBKP_2022.pdf,1,1129,884,2013
BBKP_2022.pdf,2,1129,886,2015
BBKP_2022.pdf,3,1129,867,1996
BBKP_2023.pdf,1,1129,820,1949
BBKP_2023.pdf,2,1129,896,2025
BBKP_2023.pdf,3,1129,765,1894
BBKP_2024.pdf,1,1129,1082,2211
BBKP_2024.pdf,2,1129,954,2083
BBKP_2024.pdf,3,1129,1044,2173
BBLD_2023.pdf,1,1129,895,2024
BBLD_2023.pdf,2,1129,797,1926
BBMD_2022.pdf,1,1129,911,2040
BBMD_2022.pdf,2,1129,757,1886
BBLD_2024.pdf,1,1129,612,1741
BBLD_2024.pdf,2,1129,829,1958
BBLD_2024.pdf,3,1129,722,1851
BBNI_2024.pdf,1,1129,974,2103
BBNI_2024.pdf,2,1129,765,1894
BBNI_2024.pdf,3,1129,812,1941
BBNI_2024.pdf,4,1129,806,1935
BBNI_2024.pdf,5,1129,833,1962
BBSI_2022.pdf,1,1129,720,1849
BBSI_2022.pdf,2,1129,633,1762
BBRM_2023.pdf,1,1129,831,1960
BBRM_2023.pdf,2,1129,846,1975
BBRM_2022.pdf,1,1129,698,1827
BBRM_2022.pdf,2,1129,804,1933
BBRM_2022.pdf,3,1129,438,1567
BBRM_2024.pdf,1,1129,821,1950
BBRM_2024.pdf,2,1129,749,1878
BBSI_2023.pdf,1,1129,725,1854
BBSI_2023.pdf,2,1129,627,1756
BBYB_2022.pdf,1,1129,941,2070
BBTN_2022.pdf,1,1129,962,2091
BBTN_2022.pdf,2,1129,887,2016
BBTN_2023.pdf,1,1129,985,2114
BBTN_2023.pdf,2,1129,945,2074
BCIC_2022.pdf,2,1129,1128,2257
BBYB_2023.pdf,1,1129,851,1980
BBYB_2023.pdf,2,1129,705,1834
BCIP_2022.pdf,1,1129,731,1860
BCIP_2023.pdf,1,1129,732,1861
BEBS_2022.pdf,1,1129,1025,2154
BDMN_2023.pdf,1,1129,1039,2168
BDMN_2023.pdf,2,1129,767,1896
BDMN_2024.pdf,1,1129,1053,2182
BDMN_2024.pdf,2,1129,776,1905
BDMN_2024.pdf,3,1129,606,1735
BDMN_2024.pdf,4,1129,647,1776
BEEF_2022.pdf,1,1129,884,2013
BEEF_2022.pdf,2,1129,878,2007
BEEF_2023.pdf,1,1129,945,2074
BEEF_2023.pdf,2,1129,1003,2132
BEKS_2023.pdf,1,1129,926,2055
BDKR_2023.pdf,1,1129,1157,2286
BDKR_2023.pdf,2,1129,1090,2219
BDKR_2023.pdf,3,1129,963,2092
BDKR_2023.pdf,4,1117,1062,2179
BDKR_2023.pdf,5,1117,836,1953
BEKS_2024.pdf,1,1129,931,2060
BEKS_2022.pdf,1,1129,920,2049
BEKS_2022.pdf,2,1129,884,2013
BELL_2023.pdf,1,1129,751,1880
BELL_2022.pdf,1,1129,756,1885
BELL_2024.pdf,1,1129,755,1884
BELI_2022.pdf,1,1129,640,1769
BELI_2022.pdf,2,1129,814,1943
BELI_2022.pdf,3,1129,711,1840
BESS_2023.pdf,1,1129,695,1824
BESS_2023.pdf,2,1129,731,1860
BELI_2023.pdf,1,1129,655,1784
BELI_2023.pdf,2,1129,905,2034
BELI_2023.pdf,3,1129,777,1906
BEST_2022.pdf,1,1129,1484,2613
BEST_2023.pdf,1,1129,1414,2543
BEST_2024.pdf,1,1117,1114,2231
BFIN_2023.pdf,1,1129,955,2084
BFIN_2022.pdf,1,1117,1021,2138
BFIN_2024.pdf,1,1129,1166,2295
BGTG_2022.pdf,1,1129,624,1753
BGTG_2022.pdf,2,1129,918,2047
BHAT_2024.pdf,1,1129,783,1912
BHAT_2024.pdf,2,1129,878,2007
BIKE_2022.pdf,1,1129,881,2010
BIKE_2022.pdf,2,1129,689,1818
BHAT_2022.pdf,1,1129,910,2039
BHAT_2022.pdf,2,1129,746,1875
BHAT_2022.pdf,3,1129,761,1890
BHAT_2023.pdf,1,1129,919,2048
BHAT_2023.pdf,2,1129,624,1753
BHAT_2023.pdf,3,1129,687,1816
BIKE_2023.pdf,1,1129,910,2039
BIKE_2024.pdf,1,1129,907,2036
BIMA_2023.pdf,1,1129,792,1921
BINA_2022.pdf,1,1129,967,2096
BINA_2022.pdf,2,1129,896,2025
BIPI_2023.pdf,1,1129,871,2000
BINA_2023.pdf,1,1129,793,1922
BINA_2023.pdf,2,1129,736,1865
BIPI_2024.pdf,1,1129,894,2023
BIPP_2022.pdf,1,1139,771,1910
BIPP_2022.pdf,2,1139,601,1740
BIPI_2022.pdf,1,1129,772,1901
BIPI_2022.pdf,2,1129,1032,2161
BIPI_2022.pdf,3,1129,810,1939
BIPP_2023.pdf,1,1129,771,1900
BIPP_2023.pdf,2,1129,607,1736
BIRD_2023.pdf,1,1129,943,2072
BIRD_2023.pdf,2,1129,969,2098
BISI_2022.pdf,1,1129,796,1925
BISI_2022.pdf,2,1129,682,1811
BISI_2023.pdf,1,1129,838,1967
BISI_2023.pdf,2,1129,619,1748
BIRD_2024.pdf,1,1129,960,2089
BIRD_2024.pdf,2,1129,1003,2132
BJBR_2023.pdf,1,1129,1022,2151
BJBR_2023.pdf,2,1129,837,1966
BJTM_2023.pdf,1,1129,764,1893
BJTM_2023.pdf,2,1129,552,1681
BJTM_2022.pdf,1,1129,900,2029
BJTM_2022.pdf,2,1129,763,1892
BKDP_2022.pdf,1,1129,775,1904
BKDP_2022.pdf,2,1129,776,1905
BKDP_2023.pdf,1,1129,833,1962
BKDP_2023.pdf,2,1129,840,1969
BKSW_2022.pdf,1,1129,870,1999
BKSW_2022.pdf,2,1129,780,1909
BJTM_2024.pdf,1,1129,565,1694
BJTM_2024.pdf,2,1129,656,1785
BJTM_2024.pdf,3,1129,520,1649
BJTM_2024.pdf,4,1129,624,1753
BJTM_2024.pdf,5,1129,590,1719
BLTA_2023.pdf,1,1129,813,1942
BLTA_2023.pdf,2,1129,710,1839
BLES_2024.pdf,1,1129,1017,2146
BLES_2024.pdf,2,1129,1152,2281
BLTA_2022.pdf,1,1129,1046,2175
BLTA_2022.pdf,2,1129,851,1980
BLTA_2022.pdf,3,1129,938,2067
BLTZ_2023.pdf,1,1129,968,2097
BLTZ_2023.pdf,2,1129,982,2111
BLTZ_2023.pdf,3,1129,793,1922
BLTZ_2023.pdf,4,1129,912,2041
BLTZ_2022.pdf,1,1129,1072,2201
BLTZ_2022.pdf,2,1129,771,1900
BLTZ_2022.pdf,3,1129,774,1903
BLTZ_2022.pdf,4,1129,794,1923
BLTZ_2024.pdf,1,1129,1063,2192
BLTZ_2024.pdf,2,1129,986,2115
BLTZ_2024.pdf,3,1129,797,1926
BLTZ_2024.pdf,4,1129,924,2053
BLTA_2024.pdf,1,1129,528,1657
BLTA_2024.pdf,2,1129,610,1739
BLTA_2024.pdf,3,1129,464,1593
BLTA_2024.pdf,4,1129,542,1671
BLTA_2024.pdf,5,1129,462,1591
BMHS_2022.pdf,1,1129,913,2042
BMHS_2023.pdf,1,1129,963,2092
BLUE_2023.pdf,1,1129,983,2112
BLUE_2023.pdf,2,1129,705,1834
BLUE_2022.pdf,1,1129,1116,2245
BLUE_2022.pdf,2,1129,699,1828
BMHS_2024.pdf,1,1129,867,1996
BMSR_2024.pdf,1,1129,1281,2410
BMSR_2024.pdf,2,1129,731,1860
BMSR_2023.pdf,1,1129,1255,2384
BMSR_2023.pdf,2,1129,800,1929
BMTR_2022.pdf,1,1129,1250,2379
BMTR_2023.pdf,1,1129,1331,2460
BMTR_2023.pdf,2,1129,989,2118
BMRI_2023.pdf,1,1129,1112,2241
BMRI_2023.pdf,2,1129,930,2059
BMRI_2023.pdf,3,1129,893,2022
BMRI_2023.pdf,4,1129,834,1963
BMRI_2023.pdf,5,1129,964,2093
BMRI_2023.pdf,6,1129,734,1863
BMRI_2023.pdf,7,1129,848,1977
BMRI_2024.pdf,1,1129,1084,2213
BMRI_2024.pdf,2,1129,921,2050
BMRI_2024.pdf,3,1129,1020,2149
BMRI_2024.pdf,4,1129,718,1847
BMRI_2024.pdf,5,1129,795,1924
BMRI_2024.pdf,6,1129,742,1871
BMRI_2024.pdf,7,1129,693,1822
BNBR_2022.pdf,1,1129,999,2128
BNBA_2022.pdf,1,1129,884,2013
BNBA_2022.pdf,2,1129,810,1939
BNBA_2022.pdf,3,1129,890,2019
BNBA_2023.pdf,1,1129,884,2013
BNBA_2023.pdf,2,1129,841,1970
BNBA_2023.pdf,3,1129,861,1990
BNBR_2024.pdf,1,1129,979,2108
BNBR_2023.pdf,1,1129,979,2108
BNBA_2024.pdf,1,1129,960,2089
BNBA_2024.pdf,2,1129,844,1973
BNBA_2024.pdf,3,1129,752,1881
BNGA_2022.pdf,1,1129,918,2047
BNGA_2022.pdf,2,1129,775,1904
BOBA_2022.pdf,1,1129,971,2100
BOBA_2022.pdf,2,1129,844,1973
BNII_2023.pdf,1,1129,643,1772
BNII_2023.pdf,2,1129,710,1839
BNII_2023.pdf,3,1129,787,1916
BOBA_2024.pdf,1,1129,1178,2307
BOGA_2022.pdf,1,1129,824,1953
BNGA_2024.pdf,1,1129,967,2096
BNGA_2024.pdf,2,1129,832,1961
BNGA_2024.pdf,3,1129,678,1807
BNGA_2024.pdf,4,1129,742,1871
BOGA_2023.pdf,1,1129,833,1962
BOLT_2024.pdf,1,1129,978,2107
BOLT_2022.pdf,1,1129,767,1896
BOBA_2023.pdf,1,1129,1038,2167
BOBA_2023.pdf,2,1129,838,1967
BOBA_2023.pdf,3,1129,723,1852
BOSS_2022.pdf,1,1129,1354,2483
BPFI_2022.pdf,1,1129,875,2004
BPFI_2022.pdf,2,1129,1146,2275
BPTR_2022.pdf,1,1129,989,2118
BPFI_2023.pdf,1,1129,876,2005
BPFI_2023.pdf,2,1129,1041,2170
BPFI_2024.pdf,1,1129,919,2048
BPFI_2024.pdf,2,1129,1105,2234
BPTR_2023.pdf,1,1129,912,2041
BPTR_2023.pdf,2,1129,899,2028
BRAM_2023.pdf,1,1129,920,2049
BRAM_2023.pdf,2,1129,848,1977
BRAM_2024.pdf,1,1129,738,1867
BPII_2023.pdf,1,1129,973,2102
BPII_2023.pdf,2,1129,784,1913
BPII_2023.pdf,3,1129,742,1871
BPII_2023.pdf,4,1129,969,2098
BRAM_2022.pdf,1,1129,920,2049
BRAM_2022.pdf,2,1129,827,1956
BRAM_2022.pdf,3,1129,990,2119
BRAM_2022.pdf,4,1129,867,1996
BREN_2024.pdf,1,1129,847,1976
BREN_2024.pdf,2,1129,1047,2176
BRMS_2022.pdf,1,1129,782,1911
BRMS_2023.pdf,1,1129,830,1959
BRIS_2022.pdf,1,1129,926,2055
BRIS_2022.pdf,2,1129,701,1830
BRIS_2022.pdf,3,1129,767,1896
BRIS_2022.pdf,4,1129,721,1850
BRIS_2023.pdf,1,1129,1147,2276
BRIS_2023.pdf,2,1129,927,2056
BRIS_2023.pdf,3,1129,667,1796
BRIS_2023.pdf,4,1129,794,1923
BRMS_2024.pdf,1,1129,771,1900
BRNA_2024.pdf,1,1129,526,1655
BRNA_2022.pdf,1,1129,711,1840
BRNA_2022.pdf,2,1129,629,1758
BRNA_2023.pdf,1,1129,760,1889
BRNA_2023.pdf,2,1129,763,1892
BRIS_2024.pdf,1,1129,1141,2270
BRIS_2024.pdf,2,1129,944,2073
BRIS_2024.pdf,3,1129,871,2000
BRIS_2024.pdf,4,1129,614,1743
BRRC_2024.pdf,1,1129,926,2055
BRRC_2024.pdf,2,1129,955,2084
BSBK_2022.pdf,1,1129,931,2060
BSBK_2022.pdf,2,1129,955,2084
BRPT_2024.pdf,1,1129,875,2004
BRPT_2024.pdf,2,1129,830,1959
BRPT_2024.pdf,3,1129,1043,2172
BRPT_2023.pdf,1,1129,895,2024
BRPT_2023.pdf,2,1129,995,2124
BRPT_2023.pdf,3,1129,969,2098
BRPT_2023.pdf,4,1129,788,1917
BSBK_2024.pdf,1,1129,956,2085
BSBK_2024.pdf,2,1129,972,2101
BSBK_2023.pdf,1,1129,955,2084
BSBK_2023.pdf,2,1129,996,2125
BSDE_2023.pdf,1,1129,938,2067
BSDE_2023.pdf,2,1129,891,2020
BSDE_2022.pdf,1,1129,938,2067
BSDE_2022.pdf,2,1129,1142,2271
BSDE_2022.pdf,3,1129,1039,2168
BSIM_2023.pdf,1,1129,1075,2204
BSIM_2023.pdf,2,1129,913,2042
BSIM_2022.pdf,1,1129,940,2069
BSIM_2022.pdf,2,1129,744,1873
BSIM_2024.pdf,1,1129,1012,2141
BSIM_2024.pdf,2,1129,909,2038
BSML_2022.pdf,1,1129,1510,2639
BSML_2022.pdf,2,1129,1021,2150
BSSR_2022.pdf,1,1129,1001,2130
BSSR_2022.pdf,2,1129,948,2077
BSSR_2022.pdf,3,1129,896,2025
BTEK_2022.pdf,1,1129,784,1913
BTEK_2022.pdf,2,1129,751,1880
BTEK_2022.pdf,3,1129,800,1929
BTEK_2023.pdf,1,1129,799,1928
BTEK_2023.pdf,2,1129,806,1935
BTEK_2023.pdf,3,1129,794,1923
BTEK_2024.pdf,1,1129,912,2041
BTEK_2024.pdf,2,1129,1018,2147
BTEK_2024.pdf,3,1129,1213,2342
BTON_2022.pdf,1,1129,1034,2163
BTON_2022.pdf,2,1129,802,1931
BTEL_2022.pdf,1,1129,891,2020
BTEL_2022.pdf,2,1129,707,1836
BTON_2023.pdf,1,1129,859,1988
BSSR_2024.pdf,1,1129,551,1680
BSSR_2024.pdf,2,1129,647,1776
BSSR_2024.pdf,3,1129,467,1596
BSSR_2024.pdf,4,1129,520,1649
BSSR_2024.pdf,5,1129,500,1629
BSSR_2024.pdf,6,1129,529,1658
BSSR_2024.pdf,7,1129,553,1682
BSSR_2024.pdf,8,1129,428,1557
BSSR_2024.pdf,9,1129,415,1544
BTON_2024.pdf,1,1129,859,1988
BTPN_2024.pdf,1,1129,1076,2205
BTPN_2024.pdf,2,1129,686,1815
BTPN_2024.pdf,3,1129,669,1798
BTPN_2024.pdf,4,1129,980,2109
BTPN_2024.pdf,5,1129,508,1637
BTPN_2024.pdf,6,1129,915,2044
BTPN_2024.pdf,7,1129,918,2047
BUDI_2022.pdf,1,1129,1002,2131
BUDI_2022.pdf,2,1129,950,2079
BTPS_2022.pdf,1,1129,811,1940
BTPS_2022.pdf,2,1129,487,1616
BTPS_2022.pdf,3,1129,771,1900
BTPS_2023.pdf,1,1129,1007,2136
BTPS_2023.pdf,2,1129,703,1832
BTPS_2023.pdf,3,1129,1003,2132
BTPS_2024.pdf,1,1129,925,2054
BTPS_2024.pdf,2,1129,705,1834
BTPS_2024.pdf,3,1129,959,2088
BUDI_2023.pdf,1,1129,995,2124
BUDI_2023.pdf,2,1129,943,2072
BUKA_2022.pdf,1,1129,900,2029
BUKA_2022.pdf,2,1129,834,1963
BUKK_2023.pdf,1,1129,732,1861
BUDI_2024.pdf,1,1129,1092,2221
BUDI_2024.pdf,2,1129,946,2075
BUMI_2024.pdf,1,1129,891,2020
BUMI_2023.pdf,1,1129,1033,2162
BUMI_2023.pdf,2,1129,812,1941
BUKK_2022.pdf,1,1129,818,1947
BUKK_2022.pdf,2,1129,652,1781
BWPT_2022.pdf,1,1129,892,2021
BWPT_2022.pdf,2,1129,921,2050
BVIC_2022.pdf,1,1129,1032,2161
BVIC_2022.pdf,2,1129,834,1963
BVIC_2022.pdf,3,1129,945,2074
BVIC_2022.pdf,4,1129,838,1967
BWPT_2023.pdf,1,1129,847,1976
BWPT_2023.pdf,2,1129,903,2032
BVIC_2023.pdf,1,1129,1008,2137
BVIC_2023.pdf,2,1129,791,1920
BVIC_2023.pdf,3,1129,765,1894
BVIC_2023.pdf,4,1129,836,1965
BYAN_2022.pdf,1,1129,1058,2187
BYAN_2022.pdf,2,1129,891,2020
CAMP_2022.pdf,1,1129,790,1919
BYAN_2023.pdf,1,1129,965,2094
BYAN_2023.pdf,2,1129,882,2011
BYAN_2024.pdf,1,1129,1052,2181
BYAN_2024.pdf,2,1129,910,2039
CANI_2022.pdf,1,1129,997,2126
CANI_2022.pdf,2,1129,905,2034
CANI_2023.pdf,1,1129,920,2049
CANI_2023.pdf,2,1129,897,2026
CARE_2023.pdf,1,1129,1043,2172
CARE_2023.pdf,2,1117,1109,2226
CARS_2022.pdf,1,1144,1099,2243
CARS_2022.pdf,2,1144,971,2115
CARS_2022.pdf,3,1144,1034,2178
CARS_2022.pdf,4,1144,957,2101
CARS_2022.pdf,5,1144,773,1917
CASA_2022.pdf,1,1129,897,2026
CASA_2022.pdf,2,1129,752,1881
CASA_2022.pdf,3,1129,753,1882
CASA_2022.pdf,4,1129,694,1823
CARS_2023.pdf,1,1129,1097,2226
CARS_2023.pdf,2,1129,1039,2168
CARS_2023.pdf,3,1129,1013,2142
CARS_2023.pdf,4,1129,858,1987
CARS_2024.pdf,1,1129,1083,2212
CARS_2024.pdf,2,1129,1169,2298
CARS_2024.pdf,3,1129,998,2127
CARS_2024.pdf,4,1129,810,1939
CASA_2024.pdf,1,1129,1122,2251
CASA_2024.pdf,2,1129,941,2070
CASA_2023.pdf,1,1129,1115,2244
CASA_2023.pdf,2,1129,932,2061
CASA_2023.pdf,3,1129,1118,2247
CBDK_2024.pdf,1,1129,755,1884
CBMF_2022.pdf,1,1129,1517,2646
CBUT_2022.pdf,1,1129,729,1858
CBPE_2022.pdf,1,1129,1055,2184
CBPE_2022.pdf,2,1129,1075,2204
CBUT_2023.pdf,1,1129,739,1868
CBPE_2023.pdf,1,1129,997,2126
CBPE_2023.pdf,2,1129,1144,2273
CBUT_2024.pdf,1,1129,501,1630
CBUT_2024.pdf,2,1129,550,1679
CBUT_2024.pdf,3,1129,492,1621
CASH_2024.pdf,1,1129,604,1733
CASH_2024.pdf,2,1129,517,1646
CASH_2024.pdf,3,1129,565,1694
CASH_2024.pdf,4,1129,595,1724
CASH_2024.pdf,5,1129,431,1560
CDIA_2024.pdf,1,1129,1048,2177
CEKA_2023.pdf,1,1129,880,2009
CCSI_2023.pdf,1,1129,908,2037
CCSI_2023.pdf,2,1129,828,1957
CGAS_2023.pdf,1,1129,903,2032
CHEM_2022.pdf,1,1129,801,1930
CHEM_2023.pdf,1,1139,805,1944
CCSI_2022.pdf,1,1129,876,2005
CCSI_2022.pdf,2,1129,1027,2156
CCSI_2022.pdf,3,1129,1081,2210
CCSI_2022.pdf,4,1129,1060,2189
CFIN_2024.pdf,1,1129,1009,2138
CFIN_2024.pdf,2,1129,774,1903
CFIN_2024.pdf,3,1129,677,1806
CINT_2024.pdf,1,1129,779,1908
CINT_2023.pdf,1,1129,934,2063
CINT_2023.pdf,2,1129,760,1889
CLAY_2024.pdf,1,1129,851,1980
CLAY_2024.pdf,2,1129,750,1879
CLAY_2022.pdf,1,1129,899,2028
CLAY_2022.pdf,2,1129,770,1899
CLPI_2022.pdf,1,1129,873,2002
CLPI_2022.pdf,2,1129,687,1816
CMNP_2022.pdf,1,1129,652,1781
CNKO_2022.pdf,1,1129,1238,2367
CNKO_2023.pdf,1,1129,1075,2204
CMNT_2023.pdf,1,1129,849,1978
CMNT_2023.pdf,2,1129,873,2002
CNKO_2024.pdf,1,1129,1048,2177
CNKO_2024.pdf,2,1129,924,2053
CMPP_2022.pdf,1,1129,1003,2132
CMPP_2022.pdf,2,1129,771,1900
CMPP_2022.pdf,3,1129,701,1830
CNMA_2023.pdf,1,1129,884,2013
CNTX_2022.pdf,1,1129,1015,2144
CNTX_2022.pdf,2,1129,786,1915
CNTB_2023.pdf,1,1129,929,2058
CNTB_2023.pdf,2,1129,824,1953
CNTB_2023.pdf,3,1129,951,2080
COAL_2022.pdf,1,1129,915,2044
CNTX_2023.pdf,1,1129,1002,2131
CNTX_2023.pdf,2,1129,824,1953
CNTX_2023.pdf,3,1129,951,2080
CNMA_2024.pdf,1,1129,1022,2151
CNMA_2024.pdf,2,1129,909,2038
COCO_2022.pdf,1,1129,1015,2144
COCO_2022.pdf,2,1129,1038,2167
COCO_2023.pdf,1,1139,1034,2173
COCO_2023.pdf,2,1139,1047,2186
COCO_2024.pdf,1,1139,1015,2154
COCO_2024.pdf,2,1139,959,2098
CRAB_2022.pdf,1,1129,1235,2364
CRAB_2022.pdf,2,1129,1057,2186
CRAB_2023.pdf,1,1129,1244,2373
CRAB_2023.pdf,2,1129,1074,2203
CPRO_2022.pdf,1,1129,914,2043
CPRO_2022.pdf,2,1129,743,1872
CPRO_2022.pdf,3,1129,737,1866
CPRO_2022.pdf,4,1129,756,1885
CSMI_2022.pdf,1,1129,937,2066
CRSN_2023.pdf,1,1129,1024,2153
CRSN_2023.pdf,2,1129,1112,2241
CRAB_2024.pdf,1,1129,1324,2453
CRAB_2024.pdf,2,1129,811,1940
CRAB_2024.pdf,3,1129,978,2107
CRSN_2024.pdf,1,1129,1040,2169
CRSN_2024.pdf,2,1129,865,1994
CSRA_2023.pdf,1,1129,845,1974
CSRA_2024.pdf,1,1129,845,1974
CSMI_2023.pdf,1,1129,869,1998
CSMI_2023.pdf,2,1129,969,2098
CTBN_2024.pdf,1,1129,975,2104
CSMI_2024.pdf,1,1129,957,2086
CSMI_2024.pdf,2,1129,895,2024
CTBN_2023.pdf,1,1129,901,2030
CTBN_2023.pdf,2,1129,807,1936
CTRA_2024.pdf,1,1129,904,2033
CTRA_2023.pdf,1,1129,903,2032
CTTH_2022.pdf,1,1129,980,2109
CTTH_2022.pdf,2,1129,1005,2134
CTRA_2022.pdf,1,1129,913,2042
CTRA_2022.pdf,2,1129,428,1557
DAAZ_2024.pdf,1,1129,1008,2137
CTTH_2023.pdf,1,1129,985,2114
CTTH_2023.pdf,2,1129,1006,2135
CTTH_2024.pdf,1,1129,984,2113
CTTH_2024.pdf,2,1129,992,2121
DART_2022.pdf,1,1129,637,1766
DART_2022.pdf,2,1129,662,1791
DART_2024.pdf,1,1129,625,1754
DART_2024.pdf,2,1129,446,1575
DATA_2023.pdf,1,1129,694,1823
DATA_2023.pdf,2,1129,706,1835
DAYA_2023.pdf,2,1129,874,2003
DAYA_2022.pdf,1,1129,971,2100
DAYA_2022.pdf,2,1129,939,2068
DAYA_2024.pdf,2,1129,821,1950
DAYA_2024.pdf,3,1129,795,1924
DAYA_2024.pdf,4,1129,775,1904
DEFI_2024.pdf,1,1129,1332,2461
DEFI_2024.pdf,2,1129,986,2115
DEFI_2022.pdf,1,1139,1307,2446
DEFI_2022.pdf,2,1139,1173,2312
DEWA_2022.pdf,1,1129,1019,2148
DEWA_2022.pdf,2,1129,763,1892
DEWA_2023.pdf,1,1129,1021,2150
DEWI_2022.pdf,1,1129,768,1897
DEWI_2023.pdf,1,1129,634,1763
DEWI_2024.pdf,1,1129,706,1835
DEWA_2024.pdf,1,1129,940,2069
DEWA_2024.pdf,2,1129,798,1927
DGNS_2023.pdf,1,1129,807,1936
DGNS_2022.pdf,1,1129,786,1915
DGNS_2024.pdf,1,1129,806,1935
DGIK_2023.pdf,1,1129,772,1901
DGIK_2023.pdf,2,1129,712,1841
DGIK_2023.pdf,3,1129,768,1897
DIGI_2022.pdf,1,1129,1060,2189
DIGI_2023.pdf,1,1129,1156,2285
DGWG_2024.pdf,1,1129,1063,2192
DGWG_2024.pdf,2,1129,735,1864
DGWG_2024.pdf,3,1129,710,1839
DFAM_2024.pdf,1,1129,1112,2241
DFAM_2024.pdf,2,1129,1143,2272
DFAM_2024.pdf,3,1129,968,2097
DFAM_2024.pdf,4,1129,958,2087
DIGI_2024.pdf,1,1129,1014,2143
DIGI_2024.pdf,2,1129,1124,2253
DILD_2023.pdf,1,1129,983,2112
DILD_2023.pdf,2,1129,1007,2136
DILD_2024.pdf,1,1129,846,1975
DILD_2024.pdf,2,1129,946,2075
DILD_2022.pdf,1,1129,1148,2277
DILD_2022.pdf,2,1129,993,2122
DIVA_2022.pdf,1,1129,1393,2522
DIVA_2022.pdf,2,1129,1151,2280
DKFT_2023.pdf,1,1129,1035,2164
DKFT_2022.pdf,1,1129,1025,2154
DLTA_2022.pdf,1,1129,881,2010
DKFT_2024.pdf,1,1129,1066,2195
DIVA_2023.pdf,1,1129,1280,2409
DIVA_2023.pdf,2,1129,1242,2371
DIVA_2024.pdf,1,1129,1358,2487
DIVA_2024.pdf,2,1129,1255,2384
DMAS_2023.pdf,1,1129,991,2120
DMAS_2023.pdf,2,1129,867,1996
DLTA_2024.pdf,1,1129,912,2041
DLTA_2024.pdf,2,1129,948,2077
DMMX_2023.pdf,1,1129,840,1969
DMND_2023.pdf,1,1129,786,1915
DMAS_2024.pdf,1,1129,985,2114
DMAS_2024.pdf,2,1129,867,1996
DMAS_2024.pdf,3,1129,826,1955
DMAS_2022.pdf,1,1129,995,2124
DMAS_2022.pdf,2,1129,1005,2134
DMAS_2022.pdf,3,1129,986,2115
DMND_2024.pdf,1,1129,786,1915
DNAR_2022.pdf,1,1129,900,2029
DNAR_2022.pdf,2,1129,655,1784
DNAR_2023.pdf,1,1129,900,2029
DNAR_2023.pdf,2,1129,800,1929
DNAR_2023.pdf,3,1129,627,1756
DOID_2022.pdf,1,1129,953,2082
DNET_2023.pdf,1,1129,796,1925
DNET_2023.pdf,2,1129,653,1782
DOID_2023.pdf,1,1144,1040,2184
DNAR_2024.pdf,1,1129,611,1740
DNAR_2024.pdf,2,1129,748,1877
DNAR_2024.pdf,3,1129,616,1745
DNAR_2024.pdf,4,1129,515,1644
DOID_2024.pdf,1,1129,1173,2302
DOID_2024.pdf,2,1129,986,2115
DOOH_2024.pdf,1,1129,1319,2448
DOOH_2024.pdf,2,1129,891,2020
DPNS_2023.pdf,1,1129,818,1947
DPUM_2024.pdf,1,1129,769,1898
DPNS_2022.pdf,1,1129,729,1858
DPNS_2022.pdf,2,1129,719,1848
DPNS_2022.pdf,3,1129,522,1651
DPUM_2022.pdf,1,1129,848,1977
DPUM_2022.pdf,2,1129,913,2042
DOSS_2024.pdf,1,1129,568,1697
DOSS_2024.pdf,2,1129,618,1747
DOSS_2024.pdf,3,1129,568,1697
DOSS_2024.pdf,4,1129,613,1742
DSFI_2022.pdf,1,1129,1047,2176
DSFI_2023.pdf,1,1129,988,2117
DSNG_2024.pdf,1,1129,926,2055
DSNG_2022.pdf,1,1129,1013,2142
DSNG_2022.pdf,2,1129,1003,2132
DSNG_2023.pdf,1,1129,996,2125
DSNG_2023.pdf,2,1129,906,2035
DUTI_2022.pdf,1,1129,986,2115
DUTI_2022.pdf,2,1129,1018,2147
DUTI_2022.pdf,3,1129,1169,2298
DUTI_2023.pdf,1,1129,985,2114
DUTI_2023.pdf,2,1129,1018,2147
DUTI_2023.pdf,3,1129,1064,2193
DWGL_2023.pdf,1,1129,1034,2163
DWGL_2023.pdf,2,1129,1040,2169
DYAN_2024.pdf,1,1129,901,2030
DYAN_2023.pdf,1,1129,846,1975
DYAN_2022.pdf,1,1129,743,1872
DYAN_2022.pdf,2,1129,753,1882
EAST_2022.pdf,1,1129,811,1940
EAST_2024.pdf,1,1129,1668,2797
ECII_2022.pdf,1,1129,949,2078
EAST_2023.pdf,1,1129,2504,3633
DWGL_2024.pdf,1,1129,1048,2177
DWGL_2024.pdf,2,1129,1089,2218
DWGL_2024.pdf,3,1129,883,2012
ECII_2023.pdf,1,1129,1010,2139
EDGE_2023.pdf,1,1129,1060,2189
EDGE_2023.pdf,2,1129,720,1849
EKAD_2022.pdf,1,1129,934,2063
EKAD_2022.pdf,2,1129,840,1969
EKAD_2023.pdf,1,1129,923,2052
EKAD_2023.pdf,2,1129,835,1964
EDGE_2024.pdf,1,1129,1063,2192
EDGE_2024.pdf,2,1129,786,1915
EDGE_2024.pdf,3,1129,683,1812
ELPI_2023.pdf,1,1129,668,1797
EKAD_2024.pdf,1,1129,923,2052
EKAD_2024.pdf,2,1129,838,1967
ELPI_2024.pdf,1,1129,824,1953
ELPI_2024.pdf,2,1129,878,2007
ELSA_2023.pdf,1,1129,634,1763
ELSA_2023.pdf,2,1129,723,1852
ELTY_2023.pdf,1,1129,736,1865
ELTY_2023.pdf,2,1129,776,1905
EMDE_2022.pdf,1,1129,844,1973
EMDE_2022.pdf,2,1129,685,1814
ELTY_2022.pdf,1,1129,905,2034
ELTY_2022.pdf,2,1129,842,1971
ELTY_2022.pdf,3,1129,961,2090
ELTY_2024.pdf,1,1129,1026,2155
ELTY_2024.pdf,2,1129,812,1941
EMDE_2023.pdf,1,1129,841,1970
EMDE_2023.pdf,2,1129,647,1776
ENAK_2023.pdf,1,1129,879,2008
ENAK_2023.pdf,2,1129,946,2075
ENAK_2022.pdf,1,1129,811,1940
ENAK_2022.pdf,2,1129,1034,2163
ENRG_2022.pdf,1,1129,852,1981
ENRG_2022.pdf,2,1129,809,1938
EMTK_2022.pdf,1,1129,650,1779
EMTK_2022.pdf,2,1129,833,1962
EMTK_2022.pdf,3,1129,709,1838
EMTK_2022.pdf,4,1129,695,1824
ENRG_2023.pdf,1,1129,843,1972
ENRG_2023.pdf,2,1129,798,1927
ENRG_2024.pdf,1,1129,953,2082
ENRG_2024.pdf,2,1129,876,2005
ENVY_2024.pdf,1,1129,756,1885
ENVY_2024.pdf,2,1129,756,1885
ENZO_2022.pdf,1,1129,1371,2500
ENZO_2022.pdf,2,1129,1115,2244
ENVY_2022.pdf,1,1129,1552,2681
ENVY_2022.pdf,2,1129,1174,2303
ENVY_2022.pdf,3,1129,1089,2218
ENVY_2022.pdf,4,1129,910,2039
ENVY_2023.pdf,1,1139,752,1891
ENVY_2023.pdf,2,1139,877,2016
ENVY_2023.pdf,3,1139,661,1800
ENZO_2023.pdf,1,1129,1387,2516
ENZO_2023.pdf,2,1129,1003,2132
EPAC_2024.pdf,1,1129,1143,2272
EPAC_2022.pdf,1,1129,928,2057
EPAC_2022.pdf,2,1129,989,2118
EPAC_2023.pdf,1,1129,926,2055
EPAC_2023.pdf,2,1129,984,2113
ERTX_2023.pdf,1,1129,641,1770
ERTX_2022.pdf,1,1129,862,1991
ERAA_2023.pdf,1,1129,646,1775
ERAA_2023.pdf,2,1129,793,1922
ERAL_2023.pdf,1,1129,576,1705
ERAL_2023.pdf,2,1129,714,1843
ERTX_2024.pdf,1,1129,657,1786
ESSA_2023.pdf,1,1129,855,1984
ESIP_2024.pdf,1,1129,1095,2224
ESIP_2024.pdf,2,1129,913,2042
ESIP_2023.pdf,1,1129,1099,2228
ESIP_2023.pdf,2,1129,900,2029
ESSA_2022.pdf,1,1129,899,2028
ESSA_2022.pdf,2,1129,853,1982
ESTA_2024.pdf,1,1129,907,2036
ESSA_2024.pdf,1,1129,981,2110
EURO_2022.pdf,1,1129,909,2038
EURO_2022.pdf,2,1129,746,1875
ETWA_2022.pdf,1,1129,999,2128
ETWA_2022.pdf,2,1129,718,1847
EURO_2024.pdf,1,1129,992,2121
EURO_2024.pdf,2,1129,744,1873
EURO_2023.pdf,1,1129,1000,2129
EURO_2023.pdf,2,1129,648,1777
FAPA_2024.pdf,1,1129,833,1962
FAPA_2024.pdf,2,1129,800,1929
FAPA_2023.pdf,1,1129,831,1960
FAPA_2023.pdf,2,1129,883,2012
FASW_2023.pdf,1,1129,895,2024
EXCL_2022.pdf,1,1129,1906,3035
EXCL_2022.pdf,2,1129,1396,2525
EXCL_2022.pdf,3,1129,1608,2737
EXCL_2023.pdf,1,1129,1904,3033
EXCL_2023.pdf,2,1129,1468,2597
EXCL_2023.pdf,3,1129,1608,2737
FILM_2023.pdf,1,1129,746,1875
FILM_2022.pdf,1,1129,788,1917
FASW_2022.pdf,1,1129,895,2024
FASW_2022.pdf,2,1129,862,1991
FASW_2022.pdf,3,1129,828,1957
FIRE_2022.pdf,1,1129,1338,2467
FIRE_2022.pdf,2,1129,793,1922
FIRE_2024.pdf,1,1129,573,1702
FIRE_2024.pdf,2,1129,644,1773
FIRE_2024.pdf,3,1129,525,1654
FISH_2023.pdf,1,1129,649,1778
FISH_2023.pdf,2,1129,838,1967
FISH_2022.pdf,1,1129,1278,2407
FISH_2022.pdf,2,1129,1474,2603
FMII_2023.pdf,1,1129,1141,2270
FMII_2023.pdf,2,1129,1222,2351
FLMC_2023.pdf,1,1129,1251,2380
FLMC_2023.pdf,2,1129,1134,2263
FLMC_2023.pdf,3,1129,1386,2515
FMII_2024.pdf,1,1129,1151,2280
FMII_2024.pdf,2,1129,902,2031
FOOD_2022.pdf,1,1129,1040,2169
FOOD_2022.pdf,2,1129,1170,2299
FOOD_2022.pdf,3,1129,918,2047
FOLK_2023.pdf,1,1129,1309,2438
FOLK_2023.pdf,2,1117,972,2089
FOLK_2023.pdf,3,1129,1034,2163
FOLK_2023.pdf,4,1129,985,2114
FOOD_2023.pdf,1,1129,1030,2159
FOOD_2023.pdf,2,1129,1113,2242
FOOD_2023.pdf,3,1129,915,2044
FORU_2023.pdf,1,1129,1701,2830
FORU_2024.pdf,1,1129,1467,2596
FORE_2024.pdf,1,1129,992,2121
FORE_2024.pdf,2,1129,1069,2198
FPNI_2022.pdf,1,1129,838,1967
FPNI_2022.pdf,2,1129,822,1951
FREN_2022.pdf,1,1129,857,1986
FREN_2022.pdf,2,1129,1021,2150
FREN_2024.pdf,1,1129,794,1923
FREN_2023.pdf,1,1129,800,1929
FREN_2023.pdf,2,1129,1003,2132
FOOD_2024.pdf,1,1129,1394,2523
FOOD_2024.pdf,2,1129,984,2113
FOOD_2024.pdf,3,1129,1127,2256
FOOD_2024.pdf,4,1129,1152,2281
FWCT_2023.pdf,1,1129,1024,2153
FUJI_2024.pdf,1,1129,977,2106
FUJI_2024.pdf,2,1129,1013,2142
FWCT_2022.pdf,1,1129,1022,2151
FUTR_2022.pdf,1,1129,1072,2201
FUTR_2022.pdf,2,1129,1067,2196
FWCT_2024.pdf,1,1129,929,2058
GDST_2023.pdf,1,1129,781,1910
GDST_2022.pdf,1,1129,795,1924
GDST_2024.pdf,1,1129,781,1910
GDYR_2022.pdf,2,1129,988,2117
GEMA_2023.pdf,1,1129,968,2097
GEMA_2023.pdf,2,1129,795,1924
GDYR_2024.pdf,1,1129,878,2007
GDYR_2024.pdf,2,1129,760,1889
GDYR_2023.pdf,1,1129,1145,2274
GDYR_2023.pdf,2,1129,836,1965
GEMA_2024.pdf,1,1129,969,2098
GEMA_2024.pdf,2,1129,795,1924
GEMS_2023.pdf,1,1129,856,1985
GGRM_2022.pdf,1,1117,1127,2244
GGRM_2022.pdf,2,1117,878,1995
GGRM_2024.pdf,1,1129,1073,2202
GGRM_2024.pdf,2,1129,879,2008
GGRP_2022.pdf,1,1129,941,2070
GGRP_2022.pdf,2,1129,661,1790
GGRP_2023.pdf,1,1129,762,1891
GGRP_2023.pdf,2,1129,763,1892
GHON_2024.pdf,1,1129,954,2083
GHON_2024.pdf,2,1129,942,2071
GGRP_2024.pdf,1,1129,548,1677
GGRP_2024.pdf,2,1129,646,1775
GGRP_2024.pdf,3,1129,594,1723
GGRP_2024.pdf,4,1129,635,1764
GJTL_2023.pdf,1,1129,807,1936
GJTL_2024.pdf,1,1129,846,1975
GIAA_2022.pdf,1,1129,808,1937
GIAA_2022.pdf,2,1129,1019,2148
GIAA_2022.pdf,3,1129,842,1971
GIAA_2022.pdf,4,1129,923,2052
GIAA_2022.pdf,5,1129,772,1901
GIAA_2023.pdf,1,1129,801,1930
GIAA_2023.pdf,2,1129,808,1937
GIAA_2023.pdf,3,1129,631,1760
GIAA_2023.pdf,4,1129,773,1902
GIAA_2023.pdf,5,1129,600,1729
GIAA_2023.pdf,6,1129,774,1903
GIAA_2024.pdf,1,1129,803,1932
GIAA_2024.pdf,2,1129,698,1827
GIAA_2024.pdf,3,1129,653,1782
GIAA_2024.pdf,4,1129,773,1902
GIAA_2024.pdf,5,1129,600,1729
GIAA_2024.pdf,6,1129,936,2065
GIAA_2024.pdf,7,1129,716,1845
GLOB_2023.pdf,1,1129,1099,2228
GLOB_2023.pdf,2,1129,1028,2157
GLOB_2022.pdf,1,1129,1146,2275
GLOB_2022.pdf,2,1129,1100,2229
GLVA_2022.pdf,1,1129,1008,2137
GLVA_2022.pdf,2,1129,698,1827
GMFI_2022.pdf,2,1129,763,1892
GMFI_2022.pdf,4,1129,758,1887
GMFI_2024.pdf,1,1129,1059,2188
GMFI_2024.pdf,3,1129,885,2014
GLVA_2024.pdf,1,1129,1004,2133
GLVA_2024.pdf,2,1129,693,1822
GLVA_2023.pdf,1,1129,1004,2133
GLVA_2023.pdf,2,1129,692,1821
GMTD_2023.pdf,1,1129,986,2115
GOLD_2024.pdf,1,1129,1038,2167
GOLD_2024.pdf,2,1129,938,2067
GOLF_2024.pdf,1,1129,1103,2232
GOLF_2024.pdf,2,1129,710,1839
GOTO_2024.pdf,1,1139,814,1953
GPRA_2022.pdf,1,1129,768,1897
GPSO_2023.pdf,1,1129,857,1986
GPSO_2022.pdf,1,1129,930,2059
GPSO_2022.pdf,2,1129,904,2033
GOOD_2024.pdf,1,1129,970,2099
GOOD_2024.pdf,2,1129,798,1927
GOOD_2024.pdf,3,1129,878,2007
GOOD_2024.pdf,4,1129,871,2000
GPRA_2024.pdf,1,1129,767,1896
GPRA_2024.pdf,2,1129,777,1906
GPRA_2024.pdf,3,1129,746,1875
GRIA_2024.pdf,1,1129,717,1846
GRIA_2024.pdf,2,1129,664,1793
GTBO_2024.pdf,1,1129,787,1916
GTRA_2022.pdf,1,1129,829,1958
GRPM_2023.pdf,1,1129,1093,2222
GRPM_2023.pdf,2,1129,849,1978
GTRA_2023.pdf,1,1129,780,1909
GTRA_2024.pdf,1,1129,665,1794
GSMF_2022.pdf,1,1129,650,1779
GSMF_2022.pdf,2,1129,908,2037
GSMF_2022.pdf,3,1129,884,2013
GULA_2023.pdf,1,1129,883,2012
GUNA_2024.pdf,1,1129,832,1961
GZCO_2022.pdf,1,1129,816,1945
GZCO_2023.pdf,1,1129,825,1954
GZCO_2024.pdf,1,1129,820,1949
HADE_2024.pdf,1,1129,1079,2208
HAIS_2022.pdf,1,1129,879,2008
HAIS_2023.pdf,1,1129,832,1961
HAIS_2024.pdf,1,1129,858,1987
HATM_2023.pdf,1,1129,926,2055
HATM_2023.pdf,2,1129,955,2084
HATM_2022.pdf,1,1129,971,2100
HATM_2022.pdf,2,1129,1110,2239
HALO_2023.pdf,1,1129,1131,2260
HALO_2023.pdf,2,1129,1132,2261
HALO_2023.pdf,3,1129,1118,2247
HATM_2024.pdf,1,1129,923,2052
HATM_2024.pdf,2,1129,886,2015
HATM_2024.pdf,3,1129,862,1991
HDFA_2022.pdf,1,1129,857,1986
HDFA_2022.pdf,2,1129,686,1815
HDFA_2023.pdf,1,1129,979,2108
HDFA_2023.pdf,2,1129,710,1839
HDIT_2024.pdf,1,1129,890,2019
HDTX_2022.pdf,1,1129,900,2029
HDIT_2022.pdf,1,1129,1250,2379
HDIT_2022.pdf,2,1129,854,1983
HDFA_2024.pdf,1,1129,923,2052
HDFA_2024.pdf,2,1129,867,1996
HDTX_2023.pdf,1,1129,891,2020
HELI_2022.pdf,1,1129,977,2106
HDTX_2024.pdf,1,1129,794,1923
HDTX_2024.pdf,2,1129,1015,2144
HEAL_2023.pdf,1,1129,641,1770
HEAL_2023.pdf,2,1129,830,1959
HEXA_2022.pdf,1,1129,604,1733
HEXA_2022.pdf,2,1129,810,1939
HERO_2023.pdf,1,1129,1060,2189
HERO_2023.pdf,2,1129,795,1924
HERO_2023.pdf,3,1129,751,1880
HERO_2023.pdf,4,1129,719,1848
HGII_2024.pdf,1,1129,873,2002
HGII_2024.pdf,2,1129,761,1890
HERO_2024.pdf,1,1129,1098,2227
HERO_2024.pdf,2,1129,867,1996
HERO_2024.pdf,3,1129,751,1880
HERO_2024.pdf,4,1129,717,1846
HILL_2022.pdf,1,1129,1284,2413
HILL_2022.pdf,2,1129,1023,2152
HILL_2024.pdf,1,1129,1370,2499
HILL_2024.pdf,2,1129,867,1996
HILL_2023.pdf,1,1129,1277,2406
HILL_2023.pdf,2,1129,933,2062
HILL_2023.pdf,3,1129,747,1876
HMSP_2022.pdf,1,1129,979,2108
HMSP_2022.pdf,2,1129,875,2004
HITS_2023.pdf,1,1129,814,1943
HITS_2023.pdf,2,1129,624,1753
HITS_2023.pdf,3,1129,843,1972
HMSP_2023.pdf,1,1129,1083,2212
HMSP_2023.pdf,2,1129,882,2011
HOMI_2022.pdf,1,1129,847,1976
HOMI_2023.pdf,1,1129,848,1977
HOMI_2024.pdf,1,1129,849,1978
HMSP_2024.pdf,1,1129,975,2104
HMSP_2024.pdf,2,1129,864,1993
HRME_2023.pdf,1,1129,811,1940
HRME_2023.pdf,2,1129,735,1864
HRME_2024.pdf,1,1129,819,1948
HRME_2024.pdf,2,1129,593,1722
HRME_2024.pdf,3,1129,719,1848
HRTA_2022.pdf,1,1129,1062,2191
HRTA_2022.pdf,2,1129,956,2085
HOPE_2024.pdf,1,1129,1030,2159
HOPE_2024.pdf,2,1129,741,1870
HOPE_2024.pdf,3,1129,790,1919
HOPE_2024.pdf,4,1129,891,2020
HRTA_2023.pdf,1,1129,1225,2354
HRTA_2023.pdf,2,1129,1012,2141
HRTA_2024.pdf,1,1129,1282,2411
HRTA_2024.pdf,2,1129,878,2007
HUMI_2023.pdf,1,1129,628,1757
HUMI_2023.pdf,2,1129,967,2096
HRUM_2022.pdf,1,1129,645,1774
HRUM_2022.pdf,2,1129,861,1990
HRUM_2022.pdf,3,1129,929,2058
HYGN_2024.pdf,1,1129,1030,2159
HYGN_2024.pdf,2,1129,1023,2152
HYGN_2024.pdf,3,1129,979,2108
IBFN_2022.pdf,1,1129,1232,2361
HYGN_2023.pdf,1,1129,1067,2196
HYGN_2023.pdf,2,1129,1142,2271
HYGN_2023.pdf,3,1129,1027,2156
IBFN_2024.pdf,1,1129,1048,2177
IBST_2023.pdf,1,1129,979,2108
IBST_2024.pdf,1,1129,1801,2930
IBOS_2022.pdf,1,1129,1294,2423
IBOS_2022.pdf,2,1129,837,1966
ICBP_2022.pdf,1,1129,901,2030
ICBP_2022.pdf,2,1129,798,1927
IFSH_2023.pdf,1,1129,638,1767
ICBP_2023.pdf,1,1129,897,2026
ICBP_2023.pdf,2,1129,872,2001
IFSH_2024.pdf,1,1129,624,1753
IFSH_2024.pdf,2,1129,541,1670
IGAR_2024.pdf,1,1129,759,1888
IGAR_2024.pdf,2,1129,756,1885
IKAI_2024.pdf,1,1129,1130,2259
IKAN_2022.pdf,1,1129,713,1842
IIKP_2023.pdf,1,1129,815,1944
IIKP_2023.pdf,2,1129,1006,2135
IIKP_2023.pdf,3,1129,901,2030
IKAN_2023.pdf,1,1129,713,1842
IKAI_2023.pdf,1,1129,791,1920
IKAI_2023.pdf,2,1129,905,2034
IKAI_2023.pdf,3,1129,623,1752
ICON_2022.pdf,1,1129,534,1663
ICON_2022.pdf,2,1129,406,1535
ICON_2022.pdf,3,1129,567,1696
ICON_2022.pdf,4,1129,627,1756
ICON_2022.pdf,5,1129,487,1616
ICON_2022.pdf,6,1129,619,1748
IKBI_2023.pdf,1,1129,599,1728
IKBI_2023.pdf,2,1129,713,1842
IKBI_2022.pdf,1,1129,590,1719
IKBI_2022.pdf,2,1129,853,1982
IKPM_2023.pdf,1,1129,1231,2360
IKPM_2023.pdf,2,1129,982,2111
IKBI_2024.pdf,1,1129,846,1975
IKBI_2024.pdf,2,1129,622,1751
IKBI_2024.pdf,3,1129,820,1949
IMAS_2022.pdf,1,1129,650,1779
IMAS_2022.pdf,2,1129,754,1883
IMAS_2022.pdf,3,1129,950,2079
IMAS_2023.pdf,1,1129,649,1778
IMAS_2023.pdf,2,1129,599,1728
IMAS_2023.pdf,3,1129,629,1758
IMJS_2023.pdf,1,1129,908,2037
IMJS_2023.pdf,2,1129,748,1877
IMJS_2022.pdf,1,1129,648,1777
IMJS_2022.pdf,2,1129,768,1897
IMJS_2022.pdf,3,1129,643,1772
INAI_2022.pdf,1,1129,684,1813
IMPC_2023.pdf,1,1129,830,1959
IMPC_2024.pdf,1,1129,819,1948
IMPC_2022.pdf,1,1129,782,1911
INAI_2024.pdf,1,1129,582,1711
INAI_2024.pdf,2,1129,535,1664
INAI_2023.pdf,1,1129,843,1972
INAI_2023.pdf,2,1129,710,1839
INCF_2022.pdf,1,1129,991,2120
INCF_2022.pdf,2,1129,765,1894
INCF_2024.pdf,1,1129,662,1791
INCF_2024.pdf,2,1129,686,1815
INCF_2024.pdf,3,1129,769,1898
INCI_2022.pdf,1,1129,1016,2145
INCI_2022.pdf,2,1129,884,2013
INCI_2022.pdf,3,1129,1162,2291
INCI_2023.pdf,1,1129,1389,2518
INCI_2023.pdf,2,1129,1075,2204
INCI_2023.pdf,3,1129,1012,2141
INCI_2024.pdf,1,1129,1306,2435
INCI_2024.pdf,2,1129,1073,2202
INCI_2024.pdf,3,1129,864,1993
INDF_2022.pdf,1,1129,892,2021
INDF_2022.pdf,2,1129,880,2009
INDO_2023.pdf,1,1129,746,1875
INDF_2023.pdf,1,1129,897,2026
INDF_2023.pdf,2,1129,784,1913
INCO_2024.pdf,1,1129,1062,2191
INCO_2024.pdf,2,1129,944,2073
INCO_2024.pdf,3,1129,835,1964
INCO_2024.pdf,4,1129,954,2083
INDF_2024.pdf,1,1129,799,1928
INDF_2024.pdf,2,1129,827,1956
INDO_2024.pdf,1,1129,953,2082
INDO_2024.pdf,2,1129,960,2089
INDR_2022.pdf,1,1117,1184,2301
INDR_2022.pdf,2,1117,889,2006
INDR_2023.pdf,1,1129,1143,2272
INDR_2023.pdf,2,1129,893,2022
INDX_2023.pdf,1,1129,1132,2261
INDX_2022.pdf,1,1129,1135,2264
INDR_2024.pdf,1,1129,1049,2178
INDR_2024.pdf,2,1129,893,2022
INDS_2022.pdf,1,1117,1086,2203
INDS_2022.pdf,2,1117,1027,2144
INDX_2024.pdf,1,1129,1137,2266
INDY_2023.pdf,1,1129,1075,2204
INDY_2024.pdf,1,1129,891,2020
INKP_2022.pdf,1,1129,936,2065
INKP_2023.pdf,1,1129,865,1994
INOV_2023.pdf,1,1129,788,1917
INOV_2024.pdf,1,1129,768,1897
INET_2024.pdf,1,1129,978,2107
INET_2024.pdf,2,1129,1164,2293
INPP_2024.pdf,1,1129,909,2038
INPC_2023.pdf,1,1129,1300,2429
INPC_2023.pdf,2,1129,871,2000
INPP_2023.pdf,1,1129,801,1930
INTA_2022.pdf,1,1129,1197,2326
INRU_2022.pdf,1,1129,1892,3021
INRU_2022.pdf,2,1129,1987,3116
INTD_2022.pdf,1,1129,1032,2161
INTA_2024.pdf,1,1129,877,2006
INTA_2024.pdf,2,1129,849,1978
INTD_2023.pdf,1,1129,992,2121
INTD_2023.pdf,2,1129,866,1995
INTP_2022.pdf,1,1129,1052,2181
INTP_2022.pdf,2,1129,882,2011
IPAC_2022.pdf,1,1129,822,1951
INTP_2023.pdf,1,1129,1076,2205
INTP_2023.pdf,2,1129,946,2075
IPCM_2022.pdf,1,1129,564,1693
IPCM_2022.pdf,2,1129,923,2052
IPOL_2023.pdf,1,1129,904,2033
INTP_2024.pdf,1,1129,1047,2176
INTP_2024.pdf,2,1129,814,1943
IPOL_2024.pdf,1,1129,765,1894
IPOL_2022.pdf,1,1129,972,2101
IPOL_2022.pdf,2,1129,844,1973
IPPE_2023.pdf,1,1129,824,1953
IPPE_2024.pdf,1,1129,824,1953
IPPE_2022.pdf,1,1129,1022,2151
IPTV_2023.pdf,1,1129,1233,2362
IPTV_2023.pdf,2,1129,988,2117
IPTV_2022.pdf,1,1129,1247,2376
IPTV_2022.pdf,2,1129,796,1925
IPTV_2024.pdf,1,1129,1246,2375
IPTV_2024.pdf,2,1129,848,1977
IRSX_2022.pdf,1,1129,1031,2160
IRSX_2022.pdf,2,1129,1146,2275
IRSX_2023.pdf,1,1129,1017,2146
IRSX_2023.pdf,2,1129,1077,2206
ISAP_2024.pdf,1,1129,1100,2229
ISAP_2024.pdf,2,1129,1093,2222
ISAP_2024.pdf,3,1129,1009,2138
ISAP_2022.pdf,1,1129,1207,2336
ISAP_2022.pdf,2,1129,1100,2229
ISAP_2022.pdf,3,1129,1059,2188
ISAP_2023.pdf,1,1129,1143,2272
ISAP_2023.pdf,2,1129,1097,2226
ISAP_2023.pdf,3,1129,1033,2162
ISSP_2022.pdf,1,1129,1302,2431
ISSP_2022.pdf,2,1129,760,1889
ISAT_2024.pdf,1,1129,968,2097
ISAT_2024.pdf,2,1129,710,1839
ISAT_2024.pdf,3,1129,768,1897
ISAT_2024.pdf,4,1129,558,1687
ITIC_2023.pdf,1,1129,712,1841
ITIC_2024.pdf,1,1129,711,1840
ITMA_2022.pdf,1,1129,861,1990
ISAT_2023.pdf,1,1129,969,2098
ISAT_2023.pdf,2,1129,816,1945
ISAT_2023.pdf,3,1129,967,2096
ISAT_2023.pdf,4,1129,751,1880
ISAT_2023.pdf,5,1129,766,1895
ISAT_2023.pdf,6,1129,866,1995
ITMA_2024.pdf,1,1129,830,1959
ITMA_2023.pdf,1,1129,928,2057
ITMA_2023.pdf,2,1129,849,1978
ITMG_2022.pdf,1,1129,1062,2191
ITMG_2022.pdf,2,1129,876,2005
ISAT_2022.pdf,1,1129,950,2079
ISAT_2022.pdf,2,1129,821,1950
ISAT_2022.pdf,3,1129,1001,2130
ISAT_2022.pdf,4,1129,772,1901
ISAT_2022.pdf,5,1129,885,2014
ISAT_2022.pdf,6,1129,921,2050
ITMG_2024.pdf,1,1129,1065,2194
ITMG_2024.pdf,2,1129,929,2058
ITMG_2024.pdf,3,1129,720,1849
JARR_2023.pdf,1,1129,806,1935
JARR_2023.pdf,2,1129,857,1986
JARR_2023.pdf,3,1129,829,1958
JARR_2024.pdf,1,1129,1025,2154
JARR_2024.pdf,2,1129,785,1914
JAWA_2023.pdf,1,1129,1180,2309
JAWA_2023.pdf,2,1129,1002,2131
JAWA_2022.pdf,1,1129,1041,2170
JAWA_2022.pdf,2,1129,990,2119
JAST_2023.pdf,1,1129,1161,2290
JAST_2023.pdf,2,1129,1002,2131
JAST_2023.pdf,3,1129,1066,2195
JECC_2022.pdf,1,1129,117,1246
JECC_2022.pdf,2,1129,287,1416
JECC_2022.pdf,3,1129,5,1134
JAYA_2023.pdf,1,1129,1165,2294
JAYA_2023.pdf,2,1129,952,2081
JAYA_2023.pdf,3,1129,832,1961
JAYA_2023.pdf,4,1129,731,1860
JECC_2023.pdf,1,1129,757,1886
JECC_2023.pdf,2,1129,877,2006
JECC_2023.pdf,3,1129,805,1934
JECC_2024.pdf,1,1129,751,1880
JECC_2024.pdf,2,1129,848,1977
JECC_2024.pdf,3,1129,823,1952
JAWA_2024.pdf,1,1129,599,1728
JAWA_2024.pdf,2,1129,584,1713
JAWA_2024.pdf,3,1129,556,1685
JAWA_2024.pdf,4,1129,533,1662
JAWA_2024.pdf,5,1129,667,1796
JAWA_2024.pdf,6,1129,522,1651
JGLE_2023.pdf,1,1129,861,1990
JGLE_2023.pdf,2,1129,797,1926
JGLE_2024.pdf,1,1129,861,1990
JGLE_2024.pdf,2,1129,774,1903
JIHD_2022.pdf,1,1129,903,2032
JIHD_2023.pdf,1,1129,892,2021
JIHD_2024.pdf,1,1129,870,1999
JGLE_2022.pdf,1,1129,1806,2935
JGLE_2022.pdf,2,1129,1609,2738
JKON_2022.pdf,1,1129,820,1949
JKON_2023.pdf,1,1129,839,1968
JKON_2024.pdf,1,1129,881,2010
JKSW_2022.pdf,1,1139,898,2037
JKSW_2022.pdf,2,1139,861,2000
JKSW_2023.pdf,1,1129,841,1970
JKSW_2023.pdf,2,1129,821,1950
JKSW_2023.pdf,3,1129,588,1717
JRPT_2022.pdf,1,1129,836,1965
JMAS_2024.pdf,1,1129,777,1906
JMAS_2024.pdf,2,1129,712,1841
JMAS_2024.pdf,3,1129,657,1786
JMAS_2023.pdf,1,1129,835,1964
JMAS_2023.pdf,2,1129,746,1875
JMAS_2023.pdf,3,1129,759,1888
JSKY_2022.pdf,1,1129,939,2068
JRPT_2024.pdf,1,1129,756,1885
JSMR_2022.pdf,1,1129,851,1980
JRPT_2023.pdf,1,1129,851,1980
JSMR_2023.pdf,1,1129,864,1993
JSMR_2023.pdf,2,1129,985,2114
JSMR_2024.pdf,1,1129,871,2000
JSMR_2024.pdf,2,1129,1006,2135
JTPE_2022.pdf,1,1129,704,1833
JSPT_2024.pdf,1,1129,835,1964
JSPT_2022.pdf,1,1129,932,2061
JSPT_2022.pdf,2,1129,796,1925
JSPT_2023.pdf,1,1129,932,2061
JSPT_2023.pdf,2,1129,796,1925
JTPE_2023.pdf,1,1129,668,1797
KAYU_2022.pdf,1,1129,776,1905
KARW_2022.pdf,1,1129,584,1713
KARW_2022.pdf,2,1129,808,1937
KARW_2023.pdf,1,1129,641,1770
KARW_2023.pdf,2,1129,933,2062
KBAG_2022.pdf,1,1129,848,1977
KBLI_2023.pdf,1,1129,1002,2131
KBAG_2023.pdf,1,1129,1036,2165
KBAG_2023.pdf,2,1129,868,1997
KBAG_2024.pdf,1,1129,1032,2161
KBAG_2024.pdf,2,1129,949,2078
KBLI_2024.pdf,1,1129,1238,2367
KBLI_2024.pdf,2,1129,1033,2162
KBLM_2022.pdf,1,1129,1227,2356
KBLM_2022.pdf,2,1129,855,1984
KBLV_2022.pdf,1,1129,923,2052
KBLV_2023.pdf,1,1129,961,2090
KBLM_2023.pdf,1,1129,1398,2527
KBLM_2023.pdf,2,1129,877,2006
KDSI_2023.pdf,1,1129,688,1817
KBLV_2024.pdf,1,1129,1669,2798
KDSI_2024.pdf,1,1129,587,1716
KDTN_2024.pdf,1,1129,789,1918
KDSI_2022.pdf,1,1129,1061,2190
KDSI_2022.pdf,2,1129,1070,2199
KDTN_2023.pdf,1,1129,761,1890
KEEN_2022.pdf,1,1129,933,2062
KEEN_2022.pdf,2,1129,825,1954
KEEN_2023.pdf,1,1129,890,2019
KEJU_2022.pdf,1,1129,963,2092
KEJU_2022.pdf,2,1129,824,1953
KEEN_2024.pdf,1,1129,1160,2289
KEEN_2024.pdf,2,1129,821,1950
KEJU_2023.pdf,1,1129,1085,2214
KEJU_2023.pdf,2,1129,817,1946
KEJU_2024.pdf,1,1129,969,2098
KEJU_2024.pdf,2,1129,837,1966
KIAS_2022.pdf,1,1129,1049,2178
KIAS_2022.pdf,2,1129,825,1954
KETR_2024.pdf,1,1129,820,1949
KETR_2024.pdf,2,1129,784,1913
KETR_2024.pdf,3,1129,739,1868
KETR_2023.pdf,1,1129,758,1887
KETR_2023.pdf,2,1129,883,2012
KETR_2023.pdf,3,1129,842,1971
KICI_2022.pdf,1,1129,688,1817
KIAS_2024.pdf,2,1129,867,1996
KIAS_2024.pdf,3,1129,791,1920
KICI_2023.pdf,1,1129,689,1818
KICI_2024.pdf,1,1129,705,1834
KIJA_2023.pdf,1,1129,1001,2130
KIJA_2024.pdf,1,1129,1158,2287
KIJA_2024.pdf,2,1129,1042,2171
KIOS_2024.pdf,1,1129,1071,2200
KIOS_2024.pdf,2,1129,1156,2285
KIJA_2022.pdf,1,1129,1001,2130
KIJA_2022.pdf,2,1129,1130,2259
KIJA_2022.pdf,3,1129,888,2017
KJEN_2022.pdf,1,1129,954,2083
KJEN_2022.pdf,2,1129,779,1908
KJEN_2022.pdf,3,1129,805,1934
KJEN_2022.pdf,4,1129,701,1830
KKES_2023.pdf,1,1129,951,2080
KKES_2023.pdf,2,1129,1014,2143
KKES_2022.pdf,1,1129,926,2055
KKES_2022.pdf,2,1129,902,2031
KJEN_2023.pdf,1,1129,942,2071
KJEN_2023.pdf,2,1129,858,1987
KJEN_2023.pdf,3,1129,875,2004
KJEN_2023.pdf,4,1129,724,1853
KKES_2024.pdf,1,1129,943,2072
KKES_2024.pdf,2,1129,911,2040
KKGI_2023.pdf,1,1129,847,1976
KKGI_2023.pdf,2,1129,837,1966
KKGI_2023.pdf,3,1129,729,1858
KLAS_2023.pdf,1,1139,841,1980
KLAS_2023.pdf,2,1139,496,1635
KMDS_2024.pdf,1,1129,1186,2315
KMDS_2022.pdf,1,1129,934,2063
KMDS_2023.pdf,1,1129,757,1886
KMDS_2023.pdf,2,1129,770,1899
KLAS_2024.pdf,1,1129,875,2004
KLAS_2024.pdf,2,1129,486,1615
KOBX_2023.pdf,1,1129,692,1821
KOBX_2023.pdf,2,1129,812,1941
KOIN_2022.pdf,1,1129,886,2015
KOBX_2024.pdf,1,1129,640,1769
KOBX_2024.pdf,2,1129,622,1751
KOBX_2024.pdf,3,1129,533,1662
KOBX_2024.pdf,4,1129,617,1746
KOCI_2023.pdf,1,1129,1120,2249
KOCI_2023.pdf,2,1129,1230,2359
KOCI_2024.pdf,1,1129,1088,2217
KOCI_2024.pdf,2,1129,1163,2292
KOIN_2023.pdf,1,1129,881,2010
KONI_2022.pdf,1,1129,725,1854
KONI_2024.pdf,1,1129,812,1941
KOIN_2024.pdf,1,1129,1081,2210
KOIN_2024.pdf,2,1129,895,2024
KOPI_2022.pdf,1,1129,937,2066
KOPI_2022.pdf,2,1129,967,2096
KOTA_2022.pdf,1,1129,959,2088
KOTA_2023.pdf,1,1129,822,1951
KOPI_2024.pdf,1,1129,1017,2146
KOPI_2024.pdf,2,1129,972,2101
KOPI_2023.pdf,1,1129,1021,2150
KOPI_2023.pdf,2,1129,819,1948
KOTA_2024.pdf,1,1129,827,1956
KPIG_2022.pdf,1,1129,1294,2423
KPIG_2022.pdf,2,1129,1032,2161
KRAS_2024.pdf,1,1129,823,1952
KRAS_2024.pdf,2,1129,772,1901
KRAS_2024.pdf,3,1129,928,2057
KRAS_2023.pdf,1,1129,864,1993
KRAS_2023.pdf,2,1129,812,1941
KRAS_2023.pdf,3,1129,927,2056
KREN_2024.pdf,1,1129,663,1792
KREN_2024.pdf,2,1129,458,1587
KRYA_2022.pdf,1,1129,681,1810
KRYA_2022.pdf,2,1129,631,1760
KRYA_2024.pdf,1,1129,865,1994
KRYA_2023.pdf,1,1129,1132,2261
KRYA_2023.pdf,2,1129,907,2036
KRAS_2022.pdf,1,1129,657,1786
KRAS_2022.pdf,2,1129,785,1914
KRAS_2022.pdf,3,1129,559,1688
KRAS_2022.pdf,4,1129,812,1941
KRAS_2022.pdf,5,1129,696,1825
KRAS_2022.pdf,6,1129,549,1678
LAJU_2023.pdf,1,1129,789,1918
LAJU_2022.pdf,1,1129,767,1896
LAND_2022.pdf,1,1129,855,1984
LAND_2023.pdf,1,1129,961,2090
LABA_2024.pdf,1,1129,1191,2320
LABA_2024.pdf,2,1129,982,2111
LABS_2024.pdf,1,1129,1096,2225
LABS_2024.pdf,2,1129,932,2061
LABS_2024.pdf,3,1129,811,1940
LAND_2024.pdf,1,1129,884,2013
LEAD_2022.pdf,1,1129,637,1766
LEAD_2022.pdf,3,1129,659,1788
LFLO_2023.pdf,1,1129,1821,2950
LCKM_2024.pdf,1,1129,936,2065
LCKM_2024.pdf,2,1129,987,2116
LFLO_2024.pdf,1,1129,1042,2171
LFLO_2024.pdf,2,1129,997,2126
LIFE_2023.pdf,1,1129,599,1728
LIFE_2023.pdf,2,1129,779,1908
LIFE_2022.pdf,1,1129,649,1778
LIFE_2022.pdf,2,1129,846,1975
LIFE_2022.pdf,3,1129,788,1917
LINK_2022.pdf,1,1129,650,1779
LINK_2022.pdf,2,1129,799,1928
LINK_2022.pdf,3,1129,749,1878
LINK_2022.pdf,4,1129,762,1891
LION_2023.pdf,1,1129,1029,2158
LION_2023.pdf,2,1129,1075,2204
LION_2024.pdf,1,1129,1010,2139
LION_2024.pdf,2,1129,838,1967
LINK_2023.pdf,1,1129,1048,2177
LINK_2023.pdf,2,1129,813,1942
LINK_2023.pdf,3,1129,1017,2146
LINK_2023.pdf,4,1129,687,1816
LINK_2023.pdf,5,1129,902,2031
LIVE_2023.pdf,1,1129,1200,2329
LIVE_2023.pdf,2,1129,896,2025
LIVE_2024.pdf,1,1129,922,2051
LINK_2024.pdf,1,1129,958,2087
LINK_2024.pdf,2,1129,805,1934
LINK_2024.pdf,3,1129,1006,2135
LINK_2024.pdf,4,1129,700,1829
LINK_2024.pdf,5,1129,883,2012
LMSH_2023.pdf,1,1129,950,2079
LMSH_2023.pdf,2,1129,828,1957
LMSH_2024.pdf,1,1129,933,2062
LMSH_2024.pdf,2,1129,777,1906
LPCK_2022.pdf,1,1129,825,1954
LOPI_2023.pdf,1,1129,945,2074
LOPI_2023.pdf,2,1129,1016,2145
LOPI_2024.pdf,1,1129,1095,2224
LOPI_2024.pdf,2,1129,677,1806
LOPI_2024.pdf,3,1129,983,2112
LPCK_2024.pdf,1,1129,773,1902
LPCK_2024.pdf,2,1129,809,1938
LPIN_2022.pdf,1,1129,775,1904
LPGI_2023.pdf,1,1129,871,2000
LPGI_2023.pdf,2,1129,990,2119
LPGI_2023.pdf,3,1129,1236,2365
LPKR_2022.pdf,1,1129,769,1898
LPKR_2022.pdf,2,1129,901,2030
LPGI_2024.pdf,1,1129,870,1999
LPGI_2024.pdf,2,1129,989,2118
LPGI_2024.pdf,3,1129,1111,2240
LPKR_2024.pdf,1,1129,960,2089
LPKR_2024.pdf,2,1129,757,1886
LRNA_2022.pdf,1,1129,1007,2136
LRNA_2022.pdf,2,1129,900,2029
LPPF_2023.pdf,1,1129,1062,2191
LPPF_2023.pdf,2,1129,857,1986
LPPF_2023.pdf,3,1129,859,1988
LPPF_2023.pdf,4,1129,767,1896
LPPF_2022.pdf,1,1129,1067,2196
LPPF_2022.pdf,2,1129,894,2023
LPPF_2022.pdf,3,1129,842,1971
LPPF_2022.pdf,4,1129,834,1963
LRNA_2024.pdf,1,1129,916,2045
LRNA_2024.pdf,2,1129,895,2024
LSIP_2022.pdf,1,1129,210,1339
LSIP_2022.pdf,2,1129,269,1398
LSIP_2022.pdf,3,1129,68,1197
LPPF_2024.pdf,1,1129,1057,2186
LPPF_2024.pdf,2,1129,1010,2139
LPPF_2024.pdf,3,1129,812,1941
LPPF_2024.pdf,4,1129,867,1996
LPPF_2024.pdf,5,1129,953,2082
LPPF_2024.pdf,6,1129,704,1833
LSIP_2023.pdf,1,1129,795,1924
LSIP_2023.pdf,2,1129,696,1825
LSIP_2023.pdf,3,1129,673,1802
LSIP_2024.pdf,1,1129,803,1932
LSIP_2024.pdf,2,1129,561,1690
LSIP_2024.pdf,3,1129,680,1809
MAIN_2023.pdf,1,1129,1063,2192
MAIN_2023.pdf,2,1129,919,2048
MAHA_2023.pdf,1,1129,573,1702
MAHA_2023.pdf,2,1129,843,1972
MAIN_2024.pdf,1,1129,1063,2192
MAIN_2024.pdf,2,1129,791,1920
MAIN_2022.pdf,1,1129,1047,2176
MAIN_2022.pdf,2,1129,867,1996
MAPB_2023.pdf,1,1129,1719,2848
MAPA_2023.pdf,1,1129,825,1954
MAPA_2023.pdf,2,1129,985,2114
MANG_2023.pdf,1,1129,939,2068
MANG_2023.pdf,2,1129,903,2032
MARK_2022.pdf,1,1129,1203,2332
MAPB_2024.pdf,1,1129,1714,2843
MAPI_2023.pdf,1,1129,822,1951
MAPI_2023.pdf,2,1129,976,2105
MARK_2023.pdf,1,1129,1092,2221
MARK_2023.pdf,2,1129,974,2103
MASA_2022.pdf,1,1129,1064,2193
MASA_2022.pdf,2,1129,874,2003
MARK_2024.pdf,1,1129,537,1666
MARK_2024.pdf,3,1129,553,1682
MARK_2024.pdf,4,1129,675,1804
MASA_2024.pdf,1,1129,1074,2203
MASA_2024.pdf,2,1129,838,1967
MASA_2023.pdf,1,1129,973,2102
MASA_2023.pdf,2,1129,830,1959
MASB_2023.pdf,1,1129,888,2017
MASB_2023.pdf,2,1129,702,1831
MASB_2022.pdf,1,1129,817,1946
MASB_2022.pdf,2,1129,923,2052
MAXI_2024.pdf,1,1129,929,2058
MAXI_2024.pdf,2,1129,726,1855
MASB_2024.pdf,1,1129,558,1687
MASB_2024.pdf,2,1129,698,1827
MASB_2024.pdf,3,1129,619,1748
MASB_2024.pdf,4,1129,557,1686
MAYA_2022.pdf,1,1129,941,2070
MAYA_2022.pdf,2,1129,914,2043
MAYA_2023.pdf,1,1129,1377,2506
MAYA_2023.pdf,2,1129,1137,2266
MBAP_2022.pdf,1,1129,974,2103
MBAP_2022.pdf,2,1129,779,1908
MBAP_2024.pdf,1,1129,715,1844
MBSS_2022.pdf,1,1129,831,1960
MBAP_2023.pdf,1,1129,1069,2198
MBAP_2023.pdf,2,1129,761,1890
MBSS_2023.pdf,1,1129,845,1974
MBSS_2023.pdf,2,1129,873,2002
MBSS_2024.pdf,1,1129,838,1967
MBSS_2024.pdf,2,1129,821,1950
MBTO_2022.pdf,1,1129,1052,2181
MBTO_2022.pdf,2,1129,845,1974
MCAS_2023.pdf,1,1129,845,1974
MCAS_2024.pdf,1,1129,667,1796
MCAS_2024.pdf,2,1129,595,1724
MDIA_2023.pdf,1,1129,713,1842
MDIA_2022.pdf,1,1129,815,1944
MDKI_2022.pdf,1,1129,719,1848
MDKI_2023.pdf,1,1129,844,1973
MCOL_2023.pdf,1,1129,968,2097
MCOL_2023.pdf,2,1129,823,1952
MDKI_2024.pdf,1,1129,720,1849
MCOL_2024.pdf,1,1129,968,2097
MCOL_2024.pdf,2,1129,1019,2148
MDRN_2022.pdf,1,1129,1278,2407
MDRN_2022.pdf,2,1129,1039,2168
MDRN_2023.pdf,1,1129,1258,2387
MDRN_2023.pdf,2,1129,968,2097
MEGA_2023.pdf,1,1129,950,2079
MEDC_2022.pdf,1,1129,569,1698
MEDC_2022.pdf,2,1129,959,2088
MEDC_2022.pdf,3,1129,846,1975
MEDC_2022.pdf,4,1129,682,1811
MEGA_2024.pdf,1,1129,852,1981
MEGA_2024.pdf,2,1129,831,1960
MEGA_2022.pdf,1,1129,923,2052
MEGA_2022.pdf,2,1129,1002,2131
MEJA_2023.pdf,1,1129,1149,2278
MEJA_2023.pdf,2,1129,890,2019
MERK_2023.pdf,1,1129,889,2018
MEJA_2024.pdf,1,1129,1150,2279
MEJA_2024.pdf,2,1129,976,2105
MERK_2024.pdf,1,1129,915,2044
MENN_2023.pdf,1,1129,946,2075
META_2022.pdf,1,1129,807,1936
META_2022.pdf,2,1129,694,1823
MFIN_2022.pdf,1,1129,966,2095
MFIN_2022.pdf,2,1129,800,1929
MFIN_2023.pdf,1,1129,990,2119
MFIN_2023.pdf,2,1129,815,1944
MFMI_2022.pdf,1,1129,894,2023
META_2023.pdf,1,1129,576,1705
META_2023.pdf,2,1129,563,1692
META_2023.pdf,3,1129,737,1866
MFMI_2023.pdf,1,1129,837,1966
MFMI_2024.pdf,1,1129,938,2067
MGNA_2022.pdf,1,1129,607,1736
MGNA_2023.pdf,1,1129,665,1794
MGRO_2022.pdf,1,1129,776,1905
MGLV_2023.pdf,1,1129,1017,2146
MGLV_2023.pdf,2,1129,950,2079
MGRO_2023.pdf,1,1129,960,2089
MGRO_2023.pdf,2,1129,819,1948
MHKI_2024.pdf,1,1129,818,1947
MICE_2023.pdf,1,1129,1011,2140
MICE_2023.pdf,2,1129,987,2116
MGRO_2024.pdf,1,1129,951,2080
MGRO_2024.pdf,2,1129,816,1945
MIKA_2023.pdf,1,1129,911,2040
MHKI_2023.pdf,1,1129,1093,2222
MHKI_2023.pdf,2,1129,899,2028
MHKI_2023.pdf,3,1129,1042,2171
MIKA_2022.pdf,1,1129,830,1959
MICE_2024.pdf,1,1129,1015,2144
MICE_2024.pdf,2,1129,985,2114
MIKA_2024.pdf,1,1129,888,2017
MIRA_2022.pdf,1,1129,936,2065
MIRA_2022.pdf,2,1129,917,2046
MIRA_2024.pdf,1,1129,938,2067
MIRA_2024.pdf,2,1129,973,2102
MIRA_2023.pdf,1,1129,937,2066
MIRA_2023.pdf,2,1129,858,1987
MITI_2022.pdf,1,1129,819,1948
MINE_2024.pdf,1,1129,507,1636
MINE_2024.pdf,2,1129,621,1750
MINE_2024.pdf,3,1129,587,1716
MINE_2024.pdf,4,1129,516,1645
MINE_2024.pdf,5,1129,564,1693
MINE_2024.pdf,6,1129,488,1617
MITI_2023.pdf,1,1139,672,1811
MITI_2023.pdf,2,1139,498,1637
MITI_2023.pdf,3,1139,741,1880
MKAP_2024.pdf,1,1129,1471,2600
MKAP_2024.pdf,2,1129,985,2114
MKPI_2022.pdf,1,1129,1367,2496
MKPI_2022.pdf,2,1129,760,1889
MKNT_2023.pdf,1,1129,1155,2284
MKNT_2023.pdf,2,1129,1090,2219
MKNT_2023.pdf,3,1129,919,2048
MKNT_2022.pdf,1,1129,1220,2349
MKNT_2022.pdf,2,1129,1111,2240
MKNT_2022.pdf,3,1129,726,1855
MITI_2024.pdf,1,1129,598,1727
MITI_2024.pdf,2,1129,667,1796
MITI_2024.pdf,3,1129,514,1643
MITI_2024.pdf,4,1129,548,1677
MITI_2024.pdf,5,1129,533,1662
MITI_2024.pdf,6,1129,493,1622
MITI_2024.pdf,7,1129,491,1620
MLBI_2022.pdf,1,1129,797,1926
MKPI_2023.pdf,1,1129,1369,2498
MKPI_2023.pdf,2,1129,690,1819
MLIA_2023.pdf,1,1129,1030,2159
MLBI_2024.pdf,1,1129,995,2124
MLBI_2024.pdf,2,1129,902,2031
MLIA_2024.pdf,1,1129,864,1993
MLPL_2022.pdf,1,1129,960,2089
MLPL_2024.pdf,1,1129,904,2033
MKTR_2024.pdf,1,1129,565,1694
MKTR_2024.pdf,2,1129,614,1743
MKTR_2024.pdf,3,1129,515,1644
MKTR_2024.pdf,4,1129,669,1798
MKTR_2024.pdf,5,1129,606,1735
MLPL_2023.pdf,1,1129,981,2110
MLPT_2024.pdf,1,1129,666,1795
MMIX_2022.pdf,2,1129,651,1780
MLPT_2023.pdf,1,1129,943,2072
MMIX_2023.pdf,1,1129,1021,2150
MMIX_2023.pdf,2,1129,804,1933
MMIX_2024.pdf,1,1129,954,2083
MMIX_2024.pdf,2,1129,803,1932
MMLP_2023.pdf,1,1129,1049,2178
MMLP_2023.pdf,2,1129,860,1989
MMLP_2022.pdf,1,1129,977,2106
MMLP_2022.pdf,2,1129,806,1935
MMLP_2022.pdf,3,1129,757,1886
MNCN_2022.pdf,1,1129,1228,2357
MNCN_2022.pdf,2,1129,1005,2134
MOLI_2024.pdf,1,1129,889,2018
MOLI_2022.pdf,1,1129,928,2057
MOLI_2022.pdf,2,1129,837,1966
MOLI_2023.pdf,1,1129,1019,2148
MOLI_2023.pdf,2,1129,1046,2175
MPOW_2022.pdf,1,1129,762,1891
MORA_2024.pdf,1,1129,828,1957
MORA_2024.pdf,2,1129,673,1802
MPMX_2024.pdf,1,1129,1085,2214
MPMX_2024.pdf,2,1129,889,2018
MORA_2023.pdf,1,1129,959,2088
MORA_2023.pdf,2,1129,1110,2239
MPOW_2023.pdf,1,1129,884,2013
MPPA_2022.pdf,1,1129,1914,3043
MPRO_2023.pdf,1,1129,1091,2220
MPPA_2024.pdf,1,1129,971,2100
MPPA_2024.pdf,2,1129,845,1974
MPPA_2023.pdf,1,1129,1033,2162
MPPA_2023.pdf,2,1129,923,2052
MPXL_2024.pdf,1,1129,555,1684
MPXL_2024.pdf,2,1129,778,1907
MRAT_2023.pdf,1,1129,937,2066
MRAT_2023.pdf,2,1129,963,2092
MREI_2022.pdf,1,1129,863,1992
MREI_2023.pdf,1,1129,894,2023
MREI_2024.pdf,1,1129,884,2013
MSIE_2024.pdf,1,1129,1411,2540
MSIE_2024.pdf,2,1129,721,1850
MSIE_2023.pdf,1,1129,1229,2358
MSIE_2023.pdf,2,1129,894,2023
MRAT_2024.pdf,1,1117,1009,2126
MRAT_2024.pdf,2,1129,707,1836
MSIN_2022.pdf,1,1129,1318,2447
MSIN_2022.pdf,2,1129,934,2063
MSIN_2023.pdf,1,1129,1246,2375
MSIN_2023.pdf,2,1129,901,2030
MSKY_2023.pdf,1,1129,811,1940
MSIN_2024.pdf,1,1129,1296,2425
MSIN_2024.pdf,2,1129,643,1772
MSKY_2022.pdf,1,1129,1242,2371
MSKY_2022.pdf,2,1129,923,2052
MSKY_2024.pdf,1,1129,888,2017
MSTI_2023.pdf,1,1129,916,2045
MSTI_2023.pdf,2,1129,993,2122
MSTI_2024.pdf,1,1139,911,2050
MSTI_2024.pdf,2,1139,988,2127
MTDL_2022.pdf,1,1129,963,2092
MTDL_2022.pdf,2,1129,839,1968
MTDL_2022.pdf,3,1129,806,1935
MTDL_2023.pdf,1,1129,1067,2196
MTDL_2023.pdf,2,1129,790,1919
MTDL_2023.pdf,3,1129,798,1927
MTEL_2022.pdf,1,1129,801,1930
MTEL_2022.pdf,2,1129,858,1987
MTEL_2022.pdf,3,1129,788,1917
MTFN_2024.pdf,1,1129,754,1883
MTDL_2024.pdf,1,1129,1069,2198
MTDL_2024.pdf,2,1129,943,2072
MTDL_2024.pdf,3,1129,831,1960
MTDL_2024.pdf,4,1129,806,1935
MTEL_2023.pdf,1,1129,894,2023
MTEL_2023.pdf,2,1129,808,1937
MTEL_2024.pdf,1,1129,796,1925
MTEL_2024.pdf,2,1129,753,1882
MTLA_2023.pdf,1,1129,880,2009
MTLA_2024.pdf,1,1129,1243,2372
MTLA_2024.pdf,2,1129,926,2055
MTPS_2022.pdf,1,1129,1061,2190
MTPS_2022.pdf,2,1129,1005,2134
MTMH_2022.pdf,1,1129,974,2103
MTMH_2022.pdf,2,1129,990,2119
MTMH_2022.pdf,3,1129,1002,2131
MTPS_2024.pdf,1,1129,887,2016
MTMH_2023.pdf,1,1129,1129,2258
MTMH_2023.pdf,2,1129,1016,2145
MTMH_2023.pdf,3,1129,911,2040
MTPS_2023.pdf,1,1129,967,2096
MTPS_2023.pdf,2,1129,1012,2141
MTWI_2022.pdf,1,1129,802,1931
MTWI_2023.pdf,1,1129,832,1961
MTWI_2023.pdf,2,1129,713,1842
MTWI_2024.pdf,1,1129,942,2071
MTWI_2024.pdf,2,1129,792,1921
MYOH_2022.pdf,1,1129,957,2086
MYOH_2022.pdf,2,1129,861,1990
MYOH_2024.pdf,1,1129,1060,2189
MYOH_2024.pdf,2,1129,817,1946
MUTU_2024.pdf,1,1129,608,1737
MUTU_2024.pdf,2,1129,565,1694
MUTU_2024.pdf,3,1129,578,1707
MUTU_2024.pdf,4,1129,594,1723
MYOR_2022.pdf,1,1129,1020,2149
MYOR_2023.pdf,1,1129,1075,2204
NAIK_2024.pdf,1,1129,727,1856
MYOH_2023.pdf,1,1129,963,2092
MYOH_2023.pdf,2,1129,964,2093
MYOH_2023.pdf,3,1129,797,1926
MYOH_2023.pdf,4,1129,879,2008
MYOR_2024.pdf,1,1129,1030,2159
NANO_2023.pdf,1,1129,912,2041
NANO_2022.pdf,1,1129,893,2022
MYTX_2024.pdf,1,1129,867,1996
MYTX_2024.pdf,2,1129,1031,2160
MYTX_2024.pdf,3,1129,955,2084
NASA_2022.pdf,1,1139,1000,2139
NASA_2022.pdf,2,1139,1042,2181
NASI_2022.pdf,1,1129,802,1931
NASA_2024.pdf,1,1129,996,2125
NASA_2024.pdf,2,1129,1037,2166
NATO_2022.pdf,1,1117,958,2075
NASA_2023.pdf,1,1129,999,2128
NASA_2023.pdf,2,1129,1038,2167
NASI_2024.pdf,1,1129,965,2094
NASI_2024.pdf,2,1129,975,2104
NATO_2023.pdf,1,1129,1135,2264
NATO_2023.pdf,2,1129,858,1987
NCKL_2022.pdf,1,1129,547,1676
NCKL_2022.pdf,2,1129,789,1918
NAYZ_2022.pdf,1,1129,931,2060
NAYZ_2022.pdf,2,1129,1076,2205
NELY_2022.pdf,1,1129,823,1952
NCKL_2023.pdf,1,1129,653,1782
NCKL_2023.pdf,2,1129,711,1840
NCKL_2023.pdf,3,1129,611,1740
NETV_2022.pdf,1,1129,938,2067
NELY_2023.pdf,1,1129,918,2047
NELY_2023.pdf,2,1129,984,2113
NETV_2023.pdf,1,1129,1144,2273
NELY_2024.pdf,1,1129,830,1959
NELY_2024.pdf,2,1129,860,1989
NICE_2024.pdf,1,1129,833,1962
NICE_2023.pdf,1,1129,692,1821
NICE_2023.pdf,2,1129,601,1730
NICL_2022.pdf,1,1129,1012,2141
NICL_2022.pdf,2,1129,715,1844
NIKL_2022.pdf,1,1129,986,2115
NICL_2023.pdf,1,1129,1018,2147
NICL_2023.pdf,2,1129,735,1864
NICL_2024.pdf,1,1129,1004,2133
NICL_2024.pdf,2,1129,837,1966
NIKL_2024.pdf,1,1129,1244,2373
NIKL_2024.pdf,2,1129,778,1907
NIKL_2023.pdf,1,1129,1256,2385
NIKL_2023.pdf,2,1129,907,2036
NOBU_2022.pdf,1,1129,838,1967
NOBU_2022.pdf,2,1129,756,1885
NIRO_2022.pdf,1,1129,641,1770
NIRO_2022.pdf,2,1129,778,1907
NIRO_2022.pdf,3,1129,695,1824
NOBU_2023.pdf,1,1129,896,2025
NOBU_2024.pdf,1,1129,772,1901
NOBU_2024.pdf,2,1129,782,1911
NISP_2022.pdf,1,1129,1085,2214
NISP_2022.pdf,2,1129,781,1910
NISP_2022.pdf,3,1129,677,1806
NISP_2022.pdf,4,1129,741,1870
NISP_2022.pdf,5,1129,762,1891
NISP_2024.pdf,1,1129,1098,2227
NISP_2024.pdf,2,1129,844,1973
NISP_2024.pdf,3,1129,690,1819
NISP_2024.pdf,4,1129,765,1894
NISP_2024.pdf,5,1129,720,1849
NISP_2024.pdf,6,1129,905,2034
NPGF_2023.pdf,1,1129,868,1997
NPGF_2022.pdf,1,1129,860,1989
NPGF_2022.pdf,2,1129,967,2096
NRCA_2022.pdf,1,1129,939,2068
NRCA_2024.pdf,1,1129,893,2022
NRCA_2023.pdf,1,1129,977,2106
NPGF_2024.pdf,1,1129,940,2069
NPGF_2024.pdf,2,1129,959,2088
NTBK_2023.pdf,1,1129,953,2082
OASA_2024.pdf,1,1129,1231,2360
NSSS_2022.pdf,1,1129,653,1782
NSSS_2022.pdf,2,1129,930,2059
NSSS_2022.pdf,3,1129,710,1839
NZIA_2022.pdf,1,1129,1285,2414
NZIA_2022.pdf,2,1129,760,1889
OILS_2023.pdf,1,1129,2033,3162
OBMD_2023.pdf,1,1129,1236,2365
OBMD_2023.pdf,2,1129,858,1987
OLIV_2022.pdf,1,1129,954,2083
OLIV_2022.pdf,2,1129,1076,2205
OLIV_2024.pdf,1,1129,920,2049
OBMD_2022.pdf,1,1129,898,2027
OBMD_2022.pdf,2,1129,790,1919
OBMD_2022.pdf,3,1129,702,1831
OBMD_2022.pdf,4,1129,850,1979
OMRE_2023.pdf,1,1129,1227,2356
OMRE_2024.pdf,1,1129,1240,2369
OMRE_2024.pdf,2,1129,1096,2225
OMED_2023.pdf,1,1129,1166,2295
OMED_2023.pdf,2,1129,934,2063
OMED_2023.pdf,3,1129,905,2034
OMED_2023.pdf,4,1129,868,1997
PADI_2023.pdf,1,1129,823,1952
PADI_2023.pdf,2,1129,785,1914
PADI_2024.pdf,1,1129,920,2049
PADI_2024.pdf,2,1129,786,1915
PAMG_2023.pdf,1,1129,1011,2140
PADA_2022.pdf,1,1129,1217,2346
PADA_2022.pdf,2,1129,1022,2151
PAMG_2022.pdf,1,1129,926,2055
PAMG_2022.pdf,2,1129,940,2069
PANI_2024.pdf,1,1129,761,1890
PANI_2023.pdf,1,1129,901,2030
PART_2024.pdf,1,1129,1591,2720
PAMG_2024.pdf,1,1129,954,2083
PAMG_2024.pdf,2,1129,912,2041
PBRX_2022.pdf,1,1129,1775,2904
PBSA_2023.pdf,1,1129,563,1692
PBRX_2023.pdf,1,1129,1706,2835
PBID_2023.pdf,1,1129,889,2018
PBID_2023.pdf,2,1129,756,1885
PBRX_2024.pdf,1,1129,1055,2184
PBRX_2024.pdf,2,1129,811,1940
PDES_2022.pdf,1,1129,998,2127
PEGE_2022.pdf,1,1129,820,1949
PEGE_2022.pdf,2,1129,675,1804
PEGE_2023.pdf,1,1129,833,1962
PEGE_2023.pdf,2,1129,719,1848
PEGE_2024.pdf,1,1129,855,1984
PEGE_2024.pdf,2,1129,760,1889
PDPP_2024.pdf,1,1129,1040,2169
PDPP_2024.pdf,2,1129,1064,2193
PDPP_2024.pdf,3,1129,995,2124
PGJO_2023.pdf,1,1117,1005,2122
PGAS_2022.pdf,1,1129,606,1735
PGAS_2022.pdf,2,1129,859,1988
PGAS_2022.pdf,3,1129,582,1711
PGAS_2022.pdf,4,1129,716,1845
PGAS_2024.pdf,1,1129,578,1707
PGAS_2024.pdf,2,1129,872,2001
PGAS_2024.pdf,3,1129,519,1648
PGAS_2024.pdf,4,1129,867,1996
PGJO_2024.pdf,1,1129,1170,2299
PGJO_2024.pdf,2,1129,784,1913
PGLI_2022.pdf,1,1129,806,1935
PEHA_2024.pdf,1,1129,567,1696
PEHA_2024.pdf,2,1129,639,1768
PEHA_2024.pdf,3,1129,780,1909
PEHA_2024.pdf,4,1129,736,1865
PEHA_2024.pdf,5,1129,807,1936
PEHA_2024.pdf,6,1129,756,1885
PGLI_2023.pdf,1,1129,757,1886
PGUN_2023.pdf,1,1129,935,2064
PGUN_2022.pdf,1,1129,915,2044
PICO_2022.pdf,1,1129,927,2056
PGUN_2024.pdf,1,1129,820,1949
PJAA_2022.pdf,1,1129,813,1942
PJAA_2024.pdf,1,1129,877,2006
PJAA_2023.pdf,1,1129,849,1978
PIPA_2023.pdf,1,1129,911,2040
PIPA_2023.pdf,2,1129,935,2064
PLIN_2023.pdf,1,1129,791,1920
PKPK_2024.pdf,1,1129,1593,2722
PMJS_2022.pdf,1,1129,775,1904
PLIN_2024.pdf,1,1129,848,1977
PMJS_2024.pdf,1,1129,943,2072
PMJS_2023.pdf,1,1129,942,2071
PMJS_2023.pdf,2,1129,903,2032
PMMP_2022.pdf,1,1129,1021,2150
PMMP_2022.pdf,2,1129,844,1973
PMMP_2022.pdf,3,1129,961,2090
PNBN_2024.pdf,1,1129,1129,2258
PNBN_2024.pdf,2,1129,698,1827
PNBN_2023.pdf,1,1129,1205,2334
PNBN_2023.pdf,2,1129,672,1801
PNBN_2023.pdf,3,1129,606,1735
PMMP_2023.pdf,1,1129,1022,2151
PMMP_2023.pdf,2,1129,886,2015
PMMP_2023.pdf,3,1129,1080,2209
PNBS_2022.pdf,1,1129,619,1748
PNGO_2022.pdf,1,1129,805,1934
PNBS_2024.pdf,1,1129,1051,2180
PNBS_2024.pdf,2,1129,872,2001
PNSE_2022.pdf,1,1129,882,2011
PNSE_2023.pdf,1,1129,971,2100
PNLF_2022.pdf,1,1129,985,2114
PNLF_2022.pdf,2,1129,932,2061
PNLF_2022.pdf,3,1117,897,2014
PNLF_2022.pdf,4,1129,926,2055
PNSE_2024.pdf,1,1129,974,2103
PNSE_2024.pdf,2,1129,938,2067
PNIN_2022.pdf,1,1129,992,2121
PNIN_2022.pdf,2,1129,930,2059
PNIN_2022.pdf,3,1129,893,2022
PNIN_2022.pdf,4,1129,931,2060
POLA_2023.pdf,1,1129,981,2110
POLA_2023.pdf,2,1129,1074,2203
POLI_2022.pdf,1,1129,1345,2474
POLI_2022.pdf,2,1129,856,1985
POLA_2024.pdf,1,1129,1201,2330
POLA_2024.pdf,2,1129,1072,2201
POLI_2023.pdf,1,1129,1255,2384
POLI_2023.pdf,2,1129,789,1918
POLU_2023.pdf,1,1129,859,1988
POLU_2022.pdf,1,1129,677,1806
POLU_2022.pdf,2,1129,623,1752
POLU_2022.pdf,3,1129,653,1782
PORT_2022.pdf,1,1129,1842,2971
POLU_2024.pdf,1,1129,524,1653
POLU_2024.pdf,2,1129,534,1663
POOL_2024.pdf,1,1129,1203,2332
POOL_2024.pdf,2,1129,1072,2201
POLY_2023.pdf,1,1129,901,2030
POLY_2023.pdf,2,1129,626,1755
POLY_2023.pdf,3,1129,1021,2150
PORT_2023.pdf,1,1129,1961,3090
PORT_2024.pdf,1,1129,884,2013
PORT_2024.pdf,2,1129,977,2106
POSA_2024.pdf,1,1129,939,2068
POSA_2024.pdf,2,1129,978,2107
POSA_2024.pdf,3,1129,1098,2227
PPGL_2023.pdf,1,1129,1172,2301
PPGL_2023.pdf,2,1129,954,2083
PPGL_2023.pdf,3,1129,836,1965
PPRE_2023.pdf,1,1129,1069,2198
PPRE_2023.pdf,2,1129,1011,2140
PPRE_2022.pdf,1,1129,1047,2176
PPRE_2022.pdf,2,1129,1016,2145
PPRE_2022.pdf,3,1129,965,2094
PPRE_2024.pdf,1,1129,842,1971
PPRO_2022.pdf,1,1129,1028,2157
PPRO_2022.pdf,2,1129,1031,2160
PPRO_2023.pdf,1,1129,1071,2200
PRAY_2022.pdf,1,1129,937,2066
PRAY_2023.pdf,1,1129,658,1787
PRAY_2023.pdf,2,1129,558,1687
PRIM_2023.pdf,1,1129,888,2017
PRDA_2022.pdf,1,1129,652,1781
PRDA_2022.pdf,2,1129,854,1983
PPRO_2024.pdf,1,1129,1005,2134
PPRO_2024.pdf,2,1129,687,1816
PSDN_2023.pdf,1,1129,866,1995
PSAB_2023.pdf,1,1129,1055,2184
PSAB_2023.pdf,2,1129,989,2118
PSAB_2022.pdf,1,1129,1065,2194
PSAB_2022.pdf,2,1129,1044,2173
PSDN_2024.pdf,1,1129,930,2059
PSAB_2024.pdf,1,1129,1079,2208
PSAB_2024.pdf,2,1129,1039,2168
PSKT_2022.pdf,1,1129,825,1954
PSKT_2023.pdf,1,1129,788,1917
PSGO_2022.pdf,1,1129,906,2035
PSGO_2022.pdf,2,1129,986,2115
PSGO_2023.pdf,1,1129,638,1767
PSGO_2023.pdf,2,1129,805,1934
PSKT_2024.pdf,1,1129,776,1905
PTBA_2024.pdf,1,1129,887,2016
PTBA_2022.pdf,1,1129,962,2091
PTBA_2022.pdf,2,1129,698,1827
PTIS_2022.pdf,1,1129,868,1997
PTBA_2023.pdf,1,1129,1060,2189
PTBA_2023.pdf,2,1129,780,1909
PTIS_2023.pdf,1,1129,916,2045
PSSI_2022.pdf,1,1129,1099,2228
PSSI_2022.pdf,2,1129,756,1885
PTIS_2024.pdf,1,1129,845,1974
PTPP_2022.pdf,1,1129,1038,2167
PTPP_2022.pdf,2,1129,876,2005
PTPP_2023.pdf,1,1129,1203,2332
PTPP_2023.pdf,2,1129,1131,2260
PTMP_2023.pdf,1,1129,1369,2498
PTMP_2023.pdf,2,1129,1055,2184
PTPW_2023.pdf,1,1129,686,1815
PTPS_2023.pdf,1,1129,565,1694
PTPW_2022.pdf,1,1129,786,1915
PTSN_2023.pdf,1,1129,746,1875
PTSP_2022.pdf,1,1129,958,2087
PTRO_2023.pdf,1,1129,836,1965
PTRO_2023.pdf,2,1129,1009,2138
PTSP_2023.pdf,1,1129,923,2052
PTPS_2024.pdf,1,1129,554,1683
PTPS_2024.pdf,2,1129,722,1851
PTPS_2024.pdf,3,1129,512,1641
PTPS_2024.pdf,4,1129,727,1856
PTSP_2024.pdf,1,1129,927,2056
PURA_2023.pdf,1,1129,1007,2136
PUDP_2023.pdf,1,1129,805,1934
PUDP_2023.pdf,2,1129,635,1764
PUDP_2023.pdf,3,1129,529,1658
PURE_2023.pdf,1,1129,1294,2423
PURE_2023.pdf,2,1129,1267,2396
PURE_2022.pdf,1,1129,1216,2345
PURE_2022.pdf,2,1129,1166,2295
PURE_2024.pdf,1,1129,1294,2423
PURE_2024.pdf,2,1129,1266,2395
PURI_2022.pdf,1,1129,746,1875
PWON_2023.pdf,1,1129,861,1990
PURI_2024.pdf,1,1129,775,1904
PURI_2024.pdf,2,1129,740,1869
PURI_2023.pdf,1,1129,774,1903
PURI_2023.pdf,2,1129,737,1866
PYFA_2023.pdf,1,1129,870,1999
PWON_2024.pdf,1,1139,1247,2386
PWON_2024.pdf,2,1139,883,2022
PZZA_2023.pdf,1,1129,970,2099
PZZA_2023.pdf,2,1129,906,2035
PZZA_2024.pdf,1,1129,801,1930
PZZA_2024.pdf,2,1129,982,2111
PZZA_2022.pdf,1,1129,951,2080
PZZA_2022.pdf,2,1129,1035,2164
PZZA_2022.pdf,3,1129,1021,2150
RALS_2022.pdf,1,1129,886,2015
RAJA_2022.pdf,1,1129,1231,2360
RAJA_2022.pdf,2,1129,922,2051
RAJA_2022.pdf,3,1129,897,2026
RCCC_2022.pdf,1,1129,1019,2148
RAJA_2023.pdf,1,1129,1159,2288
RAJA_2023.pdf,2,1129,743,1872
RAJA_2023.pdf,3,1129,877,2006
RAJA_2023.pdf,4,1129,908,2037
RDTX_2023.pdf,1,1129,790,1919
RDTX_2024.pdf,1,1129,791,1920
REAL_2022.pdf,1,1129,1682,2811
REAL_2023.pdf,1,1129,859,1988
RCCC_2023.pdf,1,1129,936,2065
RCCC_2023.pdf,2,1129,985,2114
RELI_2023.pdf,1,1129,1161,2290
RELI_2023.pdf,2,1129,777,1906
RELF_2024.pdf,1,1129,1848,2977
RELF_2024.pdf,2,1129,1866,2995
RELF_2023.pdf,1,1129,1085,2214
RELF_2023.pdf,2,1129,1022,2151
RELF_2023.pdf,3,1129,929,2058
RICY_2022.pdf,1,1129,1037,2166
RICY_2022.pdf,2,1129,717,1846
RICY_2022.pdf,3,1129,755,1884
RICY_2022.pdf,4,1129,652,1781
RIGS_2024.pdf,1,1129,1143,2272
RIGS_2024.pdf,2,1129,779,1908
ROCK_2022.pdf,1,1129,775,1904
ROCK_2022.pdf,2,1129,774,1903
RICY_2023.pdf,1,1129,969,2098
RICY_2023.pdf,2,1129,731,1860
RICY_2023.pdf,3,1129,738,1867
RICY_2023.pdf,4,1129,653,1782
RIGS_2023.pdf,1,1129,1003,2132
RIGS_2023.pdf,2,1129,1026,2155
RIGS_2023.pdf,3,1129,754,1883
RODA_2022.pdf,1,1129,1019,2148
ROCK_2023.pdf,1,1129,806,1935
ROCK_2023.pdf,2,1129,712,1841
ROCK_2024.pdf,1,1129,853,1982
ROCK_2024.pdf,2,1129,852,1981
RUNS_2022.pdf,1,1129,808,1937
RODA_2024.pdf,1,1129,994,2123
RODA_2024.pdf,2,1129,1040,2169
RODA_2023.pdf,1,1129,994,2123
RODA_2023.pdf,2,1129,1039,2168
SAFE_2024.pdf,1,1129,729,1858
RUNS_2024.pdf,1,1129,827,1956
SAFE_2022.pdf,1,1129,621,1750
RSGK_2022.pdf,1,1129,808,1937
RSGK_2022.pdf,2,1129,755,1884
RSGK_2022.pdf,3,1129,402,1531
RSGK_2022.pdf,4,1129,887,2016
SAME_2022.pdf,1,1129,799,1928
SAME_2022.pdf,2,1129,734,1863
SAME_2022.pdf,3,1129,806,1935
SAPX_2023.pdf,1,1129,1006,2135
SAPX_2023.pdf,2,1129,1014,2143
SAPX_2022.pdf,1,1129,1014,2143
SAPX_2022.pdf,2,1129,1024,2153
SATU_2022.pdf,2,1129,706,1835
SAME_2023.pdf,1,1129,637,1766
SAME_2023.pdf,2,1129,842,1971
SAME_2023.pdf,3,1129,761,1890
SAPX_2024.pdf,1,1129,1006,2135
SAPX_2024.pdf,2,1129,1003,2132
SAMF_2022.pdf,1,1129,1002,2131
SAMF_2022.pdf,2,1129,810,1939
SAMF_2022.pdf,3,1129,775,1904
SAMF_2022.pdf,4,1129,967,2096
SCCO_2022.pdf,1,1129,1328,2457
SCCO_2022.pdf,2,1129,1081,2210
SCCO_2023.pdf,1,1129,1428,2557
SCCO_2023.pdf,2,1129,1054,2183
SCCO_2024.pdf,1,1129,989,2118
SCCO_2024.pdf,2,1129,1012,2141
SCMA_2022.pdf,1,1129,650,1779
SCMA_2022.pdf,2,1129,704,1833
SCMA_2024.pdf,1,1129,642,1771
SCMA_2024.pdf,2,1129,762,1891
SCNP_2024.pdf,1,1129,524,1653
SCNP_2024.pdf,2,1129,554,1683
SCNP_2022.pdf,1,1129,1216,2345
SCNP_2022.pdf,2,1129,871,2000
SCPI_2023.pdf,1,1129,984,2113
SCPI_2023.pdf,2,1129,612,1741
SCNP_2023.pdf,1,1129,1185,2314
SCNP_2023.pdf,2,1129,840,1969
SCPI_2024.pdf,1,1129,971,2100
SCPI_2024.pdf,2,1129,778,1907
SDMU_2022.pdf,1,1129,1180,2309
SDMU_2022.pdf,2,1129,967,2096
SDMU_2022.pdf,3,1129,960,2089
SDRA_2022.pdf,1,1129,900,2029
SDRA_2022.pdf,2,1129,920,2049
SDRA_2022.pdf,3,1129,945,2074
SEMA_2022.pdf,1,1129,895,2024
SEMA_2023.pdf,1,1129,840,1969
SDRA_2023.pdf,1,1129,896,2025
SDRA_2023.pdf,2,1129,975,2104
SDRA_2023.pdf,3,1129,958,2087
SDRA_2024.pdf,1,1129,893,2022
SDRA_2024.pdf,2,1129,974,2103
SDRA_2024.pdf,3,1129,809,1938
SFAN_2022.pdf,1,1129,1025,2154
SFAN_2024.pdf,1,1129,983,2112
SFAN_2024.pdf,2,1129,910,2039
SFAN_2023.pdf,1,1129,982,2111
SFAN_2023.pdf,2,1129,910,2039
SGER_2023.pdf,1,1129,993,2122
SGER_2023.pdf,2,1129,1223,2352
SGER_2023.pdf,3,1129,978,2107
SGRO_2022.pdf,1,1129,783,1912
SGRO_2022.pdf,2,1129,671,1800
SGER_2022.pdf,1,1129,997,2126
SGER_2022.pdf,2,1129,1211,2340
SGER_2022.pdf,3,1129,1228,2357
SHID_2022.pdf,1,1129,863,1992
SGER_2024.pdf,1,1129,993,2122
SGER_2024.pdf,2,1129,1032,2161
SGER_2024.pdf,3,1129,1019,2148
SHID_2023.pdf,1,1129,936,2065
SHID_2023.pdf,2,1129,876,2005
SHIP_2022.pdf,1,1129,849,1978
SHIP_2022.pdf,2,1129,687,1816
SHID_2024.pdf,1,1129,874,2003
SHID_2024.pdf,2,1129,765,1894
SICO_2023.pdf,1,1129,611,1740
SICO_2022.pdf,1,1129,546,1675
SICO_2022.pdf,2,1129,682,1811
SIDO_2023.pdf,1,1129,889,2018
SIDO_2023.pdf,2,1129,830,1959
SICO_2024.pdf,1,1129,619,1748
SICO_2024.pdf,2,1129,533,1662
SICO_2024.pdf,3,1129,551,1680
SILO_2022.pdf,1,1129,992,2121
SILO_2022.pdf,2,1129,961,2090
SILO_2024.pdf,1,1129,882,2011
SINI_2022.pdf,1,1129,856,1985
SILO_2023.pdf,1,1129,1027,2156
SILO_2023.pdf,2,1129,889,2018
SINI_2023.pdf,1,1129,981,2110
SINI_2023.pdf,2,1129,859,1988
SINI_2024.pdf,1,1129,884,2013
SINI_2024.pdf,2,1129,753,1882
SKBM_2022.pdf,1,1129,737,1866
SIPD_2023.pdf,1,1129,1059,2188
SIPD_2023.pdf,5,1129,829,1958
SKBM_2023.pdf,1,1129,665,1794
SKBM_2024.pdf,1,1129,602,1731
SKLT_2023.pdf,1,1129,701,1830
SKLT_2022.pdf,1,1129,774,1903
SIMP_2024.pdf,1,1129,573,1702
SIMP_2024.pdf,2,1129,745,1874
SIMP_2024.pdf,3,1129,740,1869
SIMP_2024.pdf,4,1129,532,1661
SIMP_2024.pdf,5,1129,495,1624
SIMP_2024.pdf,6,1129,700,1829
SKLT_2024.pdf,1,1129,688,1817
SKLT_2024.pdf,2,1129,494,1623
SLIS_2022.pdf,1,1129,773,1902
SLIS_2022.pdf,2,1129,665,1794
SLIS_2023.pdf,1,1129,788,1917
SLIS_2023.pdf,2,1129,827,1956
SIPD_2024.pdf,1,1129,974,2103
SIPD_2024.pdf,2,1129,841,1970
SIPD_2024.pdf,3,1129,790,1919
SIPD_2024.pdf,4,1129,823,1952
SIPD_2024.pdf,5,1129,830,1959
SIPD_2024.pdf,6,1129,998,2127
SMAR_2023.pdf,1,1129,938,2067
SLIS_2024.pdf,1,1129,776,1905
SLIS_2024.pdf,2,1129,835,1964
SMAR_2024.pdf,1,1129,944,2073
SMAR_2022.pdf,1,1129,937,2066
SMBR_2022.pdf,1,1129,816,1945
SMBR_2023.pdf,1,1129,850,1979
SMBR_2024.pdf,1,1129,893,2022
SMDM_2023.pdf,1,1129,958,2087
SMDM_2022.pdf,1,1129,999,2128
SMCB_2023.pdf,1,1129,946,2075
SMCB_2023.pdf,2,1129,821,1950
SMCB_2024.pdf,1,1129,930,2059
SMCB_2024.pdf,2,1129,820,1949
SMDM_2024.pdf,1,1129,924,2053
SMGR_2023.pdf,1,1139,850,1989
SMGR_2023.pdf,2,1139,796,1935
SMGA_2023.pdf,1,1129,1002,2131
SMGA_2023.pdf,2,1129,1175,2304
SMGA_2023.pdf,3,1129,1065,2194
SMGA_2024.pdf,1,1129,1002,2131
SMGA_2024.pdf,2,1129,1291,2420
SMGA_2024.pdf,3,1129,1047,2176
SMLE_2024.pdf,1,1129,721,1850
SMLE_2023.pdf,1,1129,714,1843
SMMT_2023.pdf,1,1129,890,2019
SMKM_2024.pdf,1,1129,925,2054
SMKM_2024.pdf,2,1129,749,1878
SMRU_2022.pdf,1,1129,1168,2297
SMRU_2024.pdf,1,1129,1103,2232
SMRA_2022.pdf,1,1129,795,1924
SMRA_2022.pdf,2,1129,485,1614
SMMA_2023.pdf,1,1129,1011,2140
SMMA_2023.pdf,2,1129,909,2038
SMMA_2023.pdf,3,1129,1020,2149
SMMA_2023.pdf,4,1129,983,2112
SMMA_2023.pdf,5,1129,1026,2155
SMSM_2024.pdf,1,1129,1080,2209
SMSM_2024.pdf,2,1129,741,1870
SMSM_2022.pdf,1,1129,668,1797
SMSM_2022.pdf,2,1129,815,1944
SNLK_2023.pdf,1,1129,847,1976
SNLK_2022.pdf,1,1129,805,1934
SMMA_2024.pdf,1,1129,1015,2144
SMMA_2024.pdf,2,1129,906,2035
SMMA_2024.pdf,3,1129,1022,2151
SMMA_2024.pdf,4,1129,986,2115
SMMA_2024.pdf,5,1129,1025,2154
SOCI_2023.pdf,1,1129,979,2108
SOCI_2024.pdf,1,1129,1026,2155
SOFA_2022.pdf,1,1129,935,2064
SOCI_2022.pdf,1,1129,1090,2219
SOCI_2022.pdf,2,1129,842,1971
SOFA_2023.pdf,1,1129,956,2085
SOFA_2024.pdf,1,1129,1015,2144
SONA_2022.pdf,1,1129,1000,2129
SONA_2023.pdf,1,1129,1008,2137
SONA_2024.pdf,1,1129,1005,2134
SOLA_2023.pdf,1,1129,679,1808
SOLA_2023.pdf,2,1129,655,1784
SOSS_2024.pdf,1,1129,965,2094
SPMA_2022.pdf,1,1129,1016,2145
SPMA_2022.pdf,2,1139,781,1920
SOSS_2022.pdf,1,1129,955,2084
SOSS_2022.pdf,2,1129,1017,2146
SOSS_2022.pdf,3,1129,968,2097
SOSS_2023.pdf,1,1129,953,2082
SOSS_2023.pdf,2,1129,1028,2157
SOSS_2023.pdf,3,1129,1034,2163
SPMA_2023.pdf,1,1129,945,2074
SPMA_2023.pdf,2,1129,783,1912
SPRE_2024.pdf,1,1129,791,1920
SPRE_2024.pdf,2,1129,882,2011
SPMA_2024.pdf,1,1129,976,2105
SPMA_2024.pdf,2,1129,793,1922
SPTO_2023.pdf,1,1129,1098,2227
SPTO_2022.pdf,1,1129,1014,2143
SPTO_2022.pdf,2,1129,1068,2197
SPTO_2024.pdf,1,1129,1021,2150
SRAJ_2023.pdf,1,1129,897,2026
SRAJ_2024.pdf,1,1129,816,1945
SRAJ_2022.pdf,1,1129,1062,2191
SRAJ_2022.pdf,2,1129,1018,2147
SRAJ_2022.pdf,3,1129,828,1957
SQMI_2022.pdf,1,1129,579,1708
SQMI_2022.pdf,2,1129,945,2074
SQMI_2022.pdf,3,1129,615,1744
SQMI_2022.pdf,4,1129,956,2085
SRIL_2022.pdf,1,1129,1116,2245
SRIL_2022.pdf,2,1129,1010,2139
SRIL_2022.pdf,3,1129,965,2094
SRSN_2022.pdf,1,1129,772,1901
SRSN_2024.pdf,1,1129,852,1981
SSIA_2022.pdf,1,1129,865,1994
SRSN_2023.pdf,1,1129,859,1988
SSTM_2023.pdf,1,1129,1141,2270
SSIA_2024.pdf,1,1129,1740,2869
SSIA_2023.pdf,1,1129,1783,2912
STAR_2023.pdf,1,1129,853,1982
STAR_2024.pdf,1,1129,856,1985
STRK_2023.pdf,1,1129,1000,2129
STRK_2024.pdf,1,1129,1020,2149
STRK_2024.pdf,2,1129,888,2017
SULI_2022.pdf,1,1129,1005,2134
SULI_2022.pdf,2,1129,1221,2350
SUNI_2022.pdf,1,1129,987,2116
STTP_2022.pdf,1,1129,909,2038
STTP_2022.pdf,2,1129,892,2021
SULI_2023.pdf,1,1129,944,2073
SULI_2023.pdf,2,1129,898,2027
SULI_2023.pdf,3,1129,756,1885
SUNI_2023.pdf,1,1129,1036,2165
SUPR_2023.pdf,1,1129,1734,2863
SURE_2022.pdf,1,1129,982,2111
SUPR_2024.pdf,1,1129,1750,2879
SUPR_2022.pdf,1,1129,938,2067
SUPR_2022.pdf,2,1129,871,2000
SURE_2023.pdf,1,1129,985,2114
SURE_2024.pdf,1,1129,986,2115
SWAT_2022.pdf,1,1129,1463,2592
SWAT_2022.pdf,2,1129,1074,2203
SURI_2023.pdf,1,1129,1063,2192
SURI_2023.pdf,2,1129,1183,2312
SURI_2023.pdf,3,1129,1070,2199
SWID_2022.pdf,1,1129,893,2022
SWID_2022.pdf,2,1129,891,2020
SWID_2022.pdf,3,1129,840,1969
SWID_2023.pdf,1,1129,705,1834
SWID_2023.pdf,2,1129,785,1914
SWID_2023.pdf,3,1129,743,1872
TAMU_2022.pdf,1,1129,778,1907
TAMU_2023.pdf,1,1129,780,1909
SWID_2024.pdf,1,1129,680,1809
SWID_2024.pdf,2,1129,645,1774
SWID_2024.pdf,3,1129,694,1823
TALF_2022.pdf,1,1129,936,2065
TALF_2022.pdf,2,1129,831,1960
TARA_2023.pdf,1,1129,814,1943
TAYS_2024.pdf,1,1129,973,2102
TAXI_2023.pdf,1,1129,1358,2487
TAXI_2023.pdf,2,1129,943,2072
TARA_2022.pdf,1,1129,1006,2135
TARA_2022.pdf,2,1129,1041,2170
TAYS_2022.pdf,1,1129,1339,2468
TAYS_2022.pdf,2,1129,917,2046
TBLA_2022.pdf,1,1129,935,2064
TBLA_2024.pdf,1,1129,941,2070
TBLA_2023.pdf,1,1129,939,2068
TBMS_2022.pdf,1,1129,521,1650
TBMS_2022.pdf,2,1129,750,1879
TBMS_2023.pdf,1,1129,590,1719
TBMS_2023.pdf,2,1129,848,1977
TBMS_2024.pdf,1,1129,518,1647
TBMS_2024.pdf,2,1129,848,1977
TCPI_2022.pdf,1,1129,703,1832
TCID_2023.pdf,1,1129,943,2072
TCID_2023.pdf,2,1129,715,1844
TCPI_2023.pdf,1,1129,668,1797
TEBE_2023.pdf,1,1129,955,2084
TDPM_2022.pdf,1,1129,1103,2232
TCID_2024.pdf,1,1129,1804,2933
TCID_2024.pdf,2,1129,1451,2580
TFAS_2024.pdf,1,1129,874,2003
TFAS_2024.pdf,2,1129,993,2122
TEBE_2024.pdf,1,1129,972,2101
TEBE_2024.pdf,2,1129,1042,2171
TELE_2022.pdf,1,1129,1157,2286
TELE_2022.pdf,2,1129,1027,2156
TGKA_2022.pdf,1,1129,1019,2148
TGKA_2022.pdf,2,1129,1105,2234
TGKA_2022.pdf,3,1129,887,2016
TGKA_2024.pdf,1,1129,1063,2192
TGKA_2024.pdf,2,1129,822,1951
TGKA_2023.pdf,1,1129,1063,2192
TGKA_2023.pdf,2,1129,823,1952
TGRA_2022.pdf,1,1129,1068,2197
TGRA_2022.pdf,2,1129,928,2057
TIFA_2022.pdf,1,1129,912,2041
TIFA_2022.pdf,2,1129,1194,2323
TIFA_2023.pdf,1,1129,912,2041
TIFA_2023.pdf,2,1129,1079,2208
TGRA_2023.pdf,1,1129,1094,2223
TGRA_2023.pdf,2,1129,924,2053
TIFA_2024.pdf,1,1129,912,2041
TIFA_2024.pdf,2,1129,953,2082
TIRA_2022.pdf,1,1129,772,1901
TIRT_2022.pdf,1,1129,1002,2131
TIRT_2023.pdf,1,1129,885,2014
TINS_2024.pdf,1,1129,839,1968
TINS_2024.pdf,2,1129,741,1870
TIRT_2024.pdf,1,1129,939,2068
TKIM_2022.pdf,1,1129,848,1977
TKIM_2023.pdf,1,1129,861,1990
TINS_2023.pdf,1,1129,976,2105
TINS_2023.pdf,2,1129,963,2092
TINS_2023.pdf,3,1129,819,1948
TINS_2023.pdf,4,1129,900,2029
TKIM_2024.pdf,1,1129,848,1977
TMPO_2022.pdf,1,1129,988,2117
TMPO_2023.pdf,1,1129,2023,3152
TMPO_2024.pdf,1,1129,1849,2978
TNCA_2022.pdf,1,1129,852,1981
TLDN_2022.pdf,1,1129,555,1684
TLDN_2022.pdf,2,1129,684,1813
TLDN_2022.pdf,3,1129,713,1842
TLDN_2022.pdf,4,1129,585,1714
TOBA_2022.pdf,1,1129,586,1715
TOBA_2022.pdf,2,1129,801,1930
TNCA_2024.pdf,1,1129,607,1736
TNCA_2024.pdf,2,1129,652,1781
TNCA_2024.pdf,3,1129,576,1705
TOTL_2022.pdf,1,1129,1104,2233
TOTL_2022.pdf,2,1129,962,2091
TOTL_2022.pdf,3,1129,735,1864
TOTL_2023.pdf,1,1129,1100,2229
TOTL_2023.pdf,2,1129,1024,2153
TOTL_2023.pdf,3,1129,800,1929
TOTL_2024.pdf,1,1129,925,2054
TOTL_2024.pdf,2,1129,958,2087
TOSK_2024.pdf,1,1129,531,1660
TOSK_2024.pdf,2,1129,590,1719
TOSK_2024.pdf,3,1129,604,1733
TOSK_2024.pdf,4,1129,543,1672
TOSK_2024.pdf,5,1129,547,1676
TOYS_2022.pdf,1,1129,868,1997
TOTO_2022.pdf,1,1129,734,1863
TOTO_2022.pdf,2,1129,835,1964
TPMA_2023.pdf,1,1129,619,1748
TPIA_2023.pdf,1,1129,1004,2133
TPIA_2023.pdf,2,1129,1117,2246
TPIA_2024.pdf,1,1129,1249,2378
TPIA_2024.pdf,2,1129,990,2119
TPMA_2024.pdf,1,1129,1006,2135
TPMA_2024.pdf,2,1129,1023,2152
TRGU_2023.pdf,1,1129,1047,2176
TRGU_2024.pdf,1,1129,1048,2177
TRIM_2022.pdf,1,1129,651,1780
TRIM_2022.pdf,2,1129,879,2008
TRGU_2022.pdf,1,1129,1186,2315
TRGU_2022.pdf,2,1129,974,2103
TRIS_2023.pdf,1,1129,993,2122
TRIO_2022.pdf,1,1129,1074,2203
TRIO_2022.pdf,2,1129,963,2092
TRIO_2024.pdf,1,1129,889,2018
TRIO_2024.pdf,2,1129,1101,2230
TRIS_2024.pdf,1,1129,908,2037
TRIO_2023.pdf,1,1129,889,2018
TRIO_2023.pdf,2,1129,1114,2243
TRJA_2023.pdf,1,1129,988,2117
TRST_2022.pdf,1,1129,1003,2132
TRST_2022.pdf,2,1129,995,2124
TRJA_2024.pdf,1,1129,1043,2172
TRJA_2024.pdf,2,1129,719,1848
TRJA_2024.pdf,3,1129,928,2057
TRON_2023.pdf,1,1129,1249,2378
TRON_2023.pdf,2,1129,867,1996
TRON_2023.pdf,3,1129,851,1980
TRUE_2022.pdf,1,1129,828,1957
TRST_2023.pdf,1,1129,886,2015
TRON_2022.pdf,1,1129,967,2096
TRON_2022.pdf,2,1129,834,1963
TRON_2022.pdf,3,1129,776,1905
TRON_2022.pdf,4,1129,722,1851
TRUE_2023.pdf,1,1129,800,1929
TRUK_2023.pdf,1,1129,811,1940
TRUS_2023.pdf,1,1129,933,2062
TRUS_2023.pdf,2,1129,1012,2141
TSPC_2022.pdf,2,1129,1585,2714
TSPC_2023.pdf,1,1129,1688,2817
TRUS_2022.pdf,1,1129,947,2076
TRUS_2022.pdf,2,1129,1020,2149
TRUS_2022.pdf,3,1129,807,1936
TUGU_2023.pdf,1,1129,943,2072
TSPC_2024.pdf,1,1129,1689,2818
TUGU_2022.pdf,1,1129,925,2054
TUGU_2024.pdf,1,1129,923,2052
UCID_2024.pdf,1,1129,870,1999
UANG_2024.pdf,1,1129,935,2064
UANG_2024.pdf,2,1129,1001,2130
UFOE_2022.pdf,1,1129,677,1806
TYRE_2024.pdf,1,1129,1936,3065
TYRE_2024.pdf,2,1129,2018,3147
TYRE_2023.pdf,1,1129,1096,2225
TYRE_2023.pdf,2,1129,1024,2153
TYRE_2023.pdf,3,1129,1059,2188
UDNG_2023.pdf,1,1129,1011,2140
UDNG_2023.pdf,2,1129,812,1941
UFOE_2023.pdf,1,1129,614,1743
UFOE_2024.pdf,1,1129,682,1811
UNSP_2022.pdf,1,1129,916,2045
UNIQ_2022.pdf,1,1129,930,2059
UNIQ_2022.pdf,2,1129,975,2104
UNIQ_2023.pdf,1,1129,910,2039
UNIQ_2023.pdf,2,1129,1216,2345
UNTD_2023.pdf,1,1129,911,2040
UNTD_2024.pdf,1,1129,911,2040
UNSP_2024.pdf,1,1129,838,1967
UNSP_2024.pdf,2,1129,745,1874
UNIQ_2024.pdf,1,1129,907,2036
UNIQ_2024.pdf,2,1129,1043,2172
UNIQ_2024.pdf,3,1129,934,2063
UNVR_2023.pdf,1,1129,923,2052
UNVR_2023.pdf,2,1129,1031,2160
URBN_2023.pdf,1,1129,937,2066
URBN_2022.pdf,1,1129,839,1968
URBN_2022.pdf,2,1129,997,2126
UNTR_2024.pdf,1,1129,1051,2180
UNTR_2024.pdf,2,1129,914,2043
UNTR_2024.pdf,3,1129,905,2034
UVCR_2024.pdf,1,1129,793,1922
VAST_2023.pdf,1,1129,53,1182
VAST_2022.pdf,1,1129,875,2004
VICI_2022.pdf,1,1129,553,1682
VICI_2022.pdf,2,1129,902,2031
VINS_2023.pdf,1,1129,1165,2294
VINS_2023.pdf,2,1129,907,2036
VINS_2024.pdf,1,1129,742,1871
VINS_2024.pdf,2,1129,579,1708
VICO_2024.pdf,1,1129,775,1904
VICO_2024.pdf,2,1129,715,1844
VICO_2024.pdf,3,1129,666,1795
VISI_2024.pdf,1,1129,1125,2254
VISI_2024.pdf,2,1129,924,2053
VIVA_2023.pdf,1,1129,770,1899
VIVA_2023.pdf,2,1129,671,1800
VIVA_2024.pdf,1,1129,770,1899
VIVA_2024.pdf,2,1129,671,1800
VIVA_2022.pdf,1,1129,895,2024
VIVA_2022.pdf,2,1129,558,1687
VKTR_2023.pdf,1,1129,836,1965
VKTR_2024.pdf,1,1129,831,1960
VRNA_2022.pdf,1,1129,778,1907
VRNA_2022.pdf,2,1129,835,1964
VRNA_2023.pdf,1,1129,788,1917
VRNA_2023.pdf,2,1129,819,1948
VRNA_2024.pdf,1,1129,935,2064
VRNA_2024.pdf,2,1129,733,1862
VOKS_2023.pdf,1,1129,838,1967
VOKS_2023.pdf,2,1129,822,1951
VOKS_2023.pdf,3,1129,842,1971
VOKS_2023.pdf,4,1129,704,1833
VOKS_2023.pdf,5,1129,901,2030
VOKS_2024.pdf,1,1129,757,1886
VOKS_2024.pdf,2,1129,751,1880
VOKS_2024.pdf,3,1129,852,1981
VOKS_2024.pdf,4,1129,721,1850
VOKS_2024.pdf,5,1129,905,2034
VTNY_2023.pdf,1,1129,744,1873
VTNY_2023.pdf,2,1129,764,1893
VTNY_2022.pdf,1,1129,921,2050
VTNY_2022.pdf,2,1129,1000,2129
VTNY_2022.pdf,3,1129,896,2025
WAPO_2023.pdf,1,1129,1084,2213
WAPO_2023.pdf,2,1129,952,2081
WEGE_2022.pdf,1,1129,956,2085
WEGE_2023.pdf,1,1129,924,2053
WAPO_2024.pdf,1,1129,1101,2230
WAPO_2024.pdf,2,1129,891,2020
WEGE_2024.pdf,1,1129,876,2005
WEHA_2022.pdf,1,1129,993,2122
WEHA_2022.pdf,2,1129,938,2067
WGSH_2022.pdf,1,1129,985,2114
WGSH_2023.pdf,1,1129,986,2115
WEHA_2023.pdf,1,1129,990,2119
WEHA_2023.pdf,2,1129,942,2071
WICO_2022.pdf,1,1129,806,1935
WICO_2023.pdf,1,1129,946,2075
WGSH_2024.pdf,1,1129,1105,2234
WGSH_2024.pdf,2,1129,929,2058
WIFI_2023.pdf,1,1129,1015,2144
WIFI_2023.pdf,2,1129,935,2064
WICO_2024.pdf,1,1129,970,2099
WICO_2024.pdf,2,1129,841,1970
WIIM_2022.pdf,1,1129,940,2069
WIIM_2022.pdf,2,1129,925,2054
WIFI_2022.pdf,1,1129,1007,2136
WIFI_2022.pdf,2,1129,1028,2157
WIFI_2022.pdf,3,1129,757,1886
WINE_2022.pdf,1,1129,699,1828
WIIM_2023.pdf,1,1129,901,2030
WIIM_2023.pdf,2,1129,1013,2142
WINE_2023.pdf,1,1129,702,1831
WINE_2024.pdf,1,1129,705,1834
WINR_2023.pdf,1,1129,757,1886
WIKA_2023.pdf,1,1129,1089,2218
WIKA_2023.pdf,2,1129,770,1899
WIKA_2023.pdf,3,1129,795,1924
WINR_2022.pdf,1,1129,856,1985
WINR_2024.pdf,1,1129,737,1866
WINS_2022.pdf,1,1129,1724,2853
WINS_2023.pdf,1,1129,1611,2740
WINS_2024.pdf,1,1129,769,1898
WINS_2024.pdf,2,1129,962,2091
WMPP_2022.pdf,1,1129,1100,2229
WMPP_2022.pdf,2,1129,1012,2141
WMPP_2023.pdf,1,1129,872,2001
WMUU_2023.pdf,1,1129,873,2002
WMPP_2024.pdf,1,1129,872,2001
WMPP_2024.pdf,2,1129,768,1897
WMUU_2024.pdf,1,1129,829,1958
WOOD_2022.pdf,1,1129,732,1861
WMUU_2022.pdf,1,1129,1114,2243
WMUU_2022.pdf,2,1129,1024,2153
WOWS_2022.pdf,1,1129,1002,2131
WTON_2022.pdf,1,1129,947,2076
WSBP_2022.pdf,1,1129,1226,2355
WTON_2024.pdf,1,1129,904,2033
WOWS_2024.pdf,1,1139,926,2065
WOWS_2024.pdf,2,1139,1009,2148
WOWS_2024.pdf,3,1139,927,2066
WTON_2023.pdf,1,1129,971,2100
WTON_2023.pdf,2,1129,1018,2147
YULE_2023.pdf,1,1117,951,2068
YULE_2023.pdf,2,1117,753,1870
YELO_2024.pdf,1,1129,970,2099
YELO_2024.pdf,2,1129,1181,2310
YPAS_2022.pdf,1,1129,958,2087
YPAS_2022.pdf,2,1129,1053,2182
YULE_2024.pdf,1,1129,941,2070
YULE_2024.pdf,2,1129,800,1929
ZATA_2023.pdf,1,1129,1016,2145
ZATA_2022.pdf,1,1129,1109,2238
ZINC_2022.pdf,1,1129,876,2005
ZBRA_2022.pdf,1,1129,1080,2209
ZBRA_2022.pdf,2,1129,1068,2197
ZATA_2024.pdf,1,1129,1014,2143
ZBRA_2023.pdf,1,1129,950,2079
ZBRA_2023.pdf,2,1129,1018,2147
ZINC_2023.pdf,1,1129,1699,2828
ZONE_2024.pdf,1,1129,1057,2186
ZONE_2024.pdf,2,1129,912,2041
ZYRX_2022.pdf,1,1129,933,2062
ZYRX_2022.pdf,2,1129,1061,2190
ZYRX_2022.pdf,3,1129,794,1923
